id,journalCodeId,entryDate,journalMemo,checkNumber,postingMemo,amount,isCashPosting,referenceNumber,payeeName,payeeNameRaw,payeeNames,userTypeId,leaseId,unitNumber,unitId,buildingName,journalCodeDescription
62711829,1,11/4/2025,"#316 2129 Main 3M - Washer service call, recommended replacement.",,"#316 2129 Main 3M - Washer service call, recommended replacement.",75,0,316,A Bartholomew Source Inc,A Bartholomew Source Inc,A Bartholomew Source Inc,16,0,,,2129 North Main Avenue,Bill
62711830,1,11/4/2025,"#319 2404 Main 3 - Replaced refrigerator defrost limit, defrost heater, and door seal.",,"#319 2404 Main 3 - Replaced refrigerator defrost limit, defrost heater, and door seal.",335,0,319,A Bartholomew Source Inc,A Bartholomew Source Inc,A Bartholomew Source Inc,16,0,,,4500 W Main Ave,Bill
62711853,1,11/4/2025,#317 1300 Main BLDG - Dryer service call.,,#317 1300 Main BLDG - Dryer service call.,75,0,317,A Bartholomew Source Inc,A Bartholomew Source Inc,A Bartholomew Source Inc,16,0,,,1300 North Main Avenue,Bill
62711855,1,11/4/2025,#318 1404 Main 1 - Reset dryer motor and centrifugal switch to restore function.,,#318 1404 Main 1 - Reset dryer motor and centrifugal switch to restore function.,125,0,318,A Bartholomew Source Inc,A Bartholomew Source Inc,A Bartholomew Source Inc,16,0,,,1404 N. Main,Bill
62711865,1,11/4/2025,#320 3743 Main CH1 - Replaced oven ignitor.,,#320 3743 Main CH1 - Replaced oven ignitor.,175,0,320,A Bartholomew Source Inc,A Bartholomew Source Inc,A Bartholomew Source Inc,16,0,,,3743 W. Main,Bill
62712859,8,11/4/2025,"316 - #316 2129 Main 3M - Washer service call, recommended replacement.",,"#316 2129 Main 3M - Washer service call, recommended replacement.",-75,0,316,A Bartholomew Source Inc,A Bartholomew Source Inc,A Bartholomew Source Inc,16,0,,,2129 North Main Avenue,Bill
62712863,8,11/4/2025,318 - #318 1404 Main 1 - Reset dryer motor and centrifugal switch to restore function.,,#318 1404 Main 1 - Reset dryer motor and centrifugal switch to restore function.,-125,0,318,A Bartholomew Source Inc,A Bartholomew Source Inc,A Bartholomew Source Inc,16,0,,,1404 N. Main,Bill
62712866,8,11/4/2025,Multiple bills,,#317 1300 Main BLDG - Dryer service call.,-75,0,317,A Bartholomew Source Inc,A Bartholomew Source Inc,A Bartholomew Source Inc,16,0,,,1300 North Main Avenue,Bill
62712866,8,11/4/2025,Multiple bills,,#320 3743 Main CH1 - Replaced oven ignitor.,-175,0,320,A Bartholomew Source Inc,A Bartholomew Source Inc,A Bartholomew Source Inc,16,0,,,3743 W. Main,Bill
62712868,8,11/4/2025,"319 - #319 2404 Main 3 - Replaced refrigerator defrost limit, defrost heater, and door seal.",,"#319 2404 Main 3 - Replaced refrigerator defrost limit, defrost heater, and door seal.",-335,0,319,A Bartholomew Source Inc,A Bartholomew Source Inc,A Bartholomew Source Inc,16,0,,,4500 W Main Ave,Bill
62760017,1,11/11/2025,#321 2956 Main 1R - Dryer bearings and upper slides replacement.,,#321 2956 Main 1R - Dryer bearings and upper slides replacement.,415,0,321,A Bartholomew Source Inc,A Bartholomew Source Inc,A Bartholomew Source Inc,16,0,,,2956 North Main Avenue,EFT
62760018,1,11/11/2025,#323 3338 Main 2R - Lower dishwasher wash arm replaced and cleaned out the tailpipe.,,#323 3338 Main 2R - Lower dishwasher wash arm replaced and cleaned out the tailpipe.,175,0,323,A Bartholomew Source Inc,A Bartholomew Source Inc,A Bartholomew Source Inc,16,0,,,3336 West Main Avenue,EFT
62760038,1,11/11/2025,"#322 4821 Main BLDG - Dryer belt, roller, and coils replacement.",,"#322 4821 Main BLDG - Dryer belt, roller, and coils replacement.",215,0,322,A Bartholomew Source Inc,A Bartholomew Source Inc,A Bartholomew Source Inc,16,0,,,4819 W. Main Avenue,Bill
62763483,8,11/12/2025,"322 - #322 4821 Main BLDG - Dryer belt, roller, and coils replacement.",,"#322 4821 Main BLDG - Dryer belt, roller, and coils replacement.",-215,0,322,A Bartholomew Source Inc,A Bartholomew Source Inc,A Bartholomew Source Inc,16,0,,,4819 W. Main Avenue,Bill
62763490,8,11/12/2025,321 - #321 2956 Main 1R - Dryer bearings and upper slides replacement.,,#321 2956 Main 1R - Dryer bearings and upper slides replacement.,-415,0,321,A Bartholomew Source Inc,A Bartholomew Source Inc,A Bartholomew Source Inc,16,0,,,2956 North Main Avenue,EFT
62763495,8,11/12/2025,323 - #323 3338 Main 2R - Lower dishwasher wash arm replaced and cleaned out the tailpipe.,,#323 3338 Main 2R - Lower dishwasher wash arm replaced and cleaned out the tailpipe.,-175,0,323,A Bartholomew Source Inc,A Bartholomew Source Inc,A Bartholomew Source Inc,16,0,,,3336 West Main Avenue,EFT
62793212,1,11/18/2025,#324 3717 Main 2R - Washer control board replacement.,,#324 3717 Main 2R - Washer control board replacement.,360,0,324,A Bartholomew Source Inc,A Bartholomew Source Inc,A Bartholomew Source Inc,16,0,,,2455 N. Main Ave,Bill
62793214,1,11/18/2025,#325 2854 Main - Dryer coil kit replacement.,,#325 2854 Main - Dryer coil kit replacement.,150,0,325,A Bartholomew Source Inc,A Bartholomew Source Inc,A Bartholomew Source Inc,16,0,,,2854 West Main Street,Bill
62793459,8,11/18/2025,324 - #324 3717 Main 2R - Washer control board replacement.,,#324 3717 Main 2R - Washer control board replacement.,-360,0,324,A Bartholomew Source Inc,A Bartholomew Source Inc,A Bartholomew Source Inc,16,0,,,2455 N. Main Ave,Bill
62793472,8,11/18/2025,325 - #325 2854 Main - Dryer coil kit replacement.,,#325 2854 Main - Dryer coil kit replacement.,-150,0,325,A Bartholomew Source Inc,A Bartholomew Source Inc,A Bartholomew Source Inc,16,0,,,2854 West Main Street,Bill
62831215,1,11/24/2025,#326 4437 Main 1 - Dishwasher door latch repair.,,#326 4437 Main 1 - Dishwasher door latch repair.,125,0,326,A Bartholomew Source Inc,A Bartholomew Source Inc,A Bartholomew Source Inc,16,0,,,4435 North Main Street,Check 4155
62831368,8,11/25/2025,326 - #326 4437 Main 1 - Dishwasher door latch repair.,,#326 4437 Main 1 - Dishwasher door latch repair.,-125,0,326,A Bartholomew Source Inc,A Bartholomew Source Inc,A Bartholomew Source Inc,16,0,,,4435 North Main Street,Bill
62956873,1,12/1/2025,#329 3746 Main 2 - Replaced washer water valve.,,#329 3746 Main 2 - Replaced washer water valve.,195,0,329,A Bartholomew Source Inc,A Bartholomew Source Inc,A Bartholomew Source Inc,16,0,,,3746 West Main Avenue,EFT
62956888,1,12/1/2025,#327 2940 Main - Washer repair.,,#327 2940 Main - Washer repair.,185,0,327,A Bartholomew Source Inc,A Bartholomew Source Inc,A Bartholomew Source Inc,16,0,,,2940 West Main Boulevard,EFT
62956890,1,12/1/2025,#328 1414 Main 4R - Washer repair.,,#328 1414 Main 4R - Washer repair.,575,0,328,A Bartholomew Source Inc,A Bartholomew Source Inc,A Bartholomew Source Inc,16,0,,,1414 North Main Street,EFT
62956892,1,12/1/2025,#330 3826 Main 1 - Replaced washer shock kit and recalibrated control board. Tested dryer and educated tenants to regularly clean out vent.,,#330 3826 Main 1 - Replaced washer shock kit and recalibrated control board. Tested dryer and educated tenants to regularly clean out vent.,295,0,330,A Bartholomew Source Inc,A Bartholomew Source Inc,A Bartholomew Source Inc,16,0,,,3826 North Main Avenue,EFT
62956894,1,12/1/2025,#331 659 Main 3N - Refrigerator service call.,,#331 659 Main 3N - Refrigerator service call.,75,0,331,A Bartholomew Source Inc,A Bartholomew Source Inc,A Bartholomew Source Inc,16,0,,,655 West Main Avenue,EFT
62956896,1,12/1/2025,#332 5036 Main G - Refrigerator service. Recommended replacement.,,#332 5036 Main G - Refrigerator service. Recommended replacement.,75,0,332,A Bartholomew Source Inc,A Bartholomew Source Inc,A Bartholomew Source Inc,16,0,,,5036 North Main Street,EFT
62956898,1,12/1/2025,"#333 1646 Main 2 - Dishwasher service, educated tenant on proper appliance care and reported air gap issue to management.",,"#333 1646 Main 2 - Dishwasher service, educated tenant on proper appliance care and reported air gap issue to management.",75,0,333,A Bartholomew Source Inc,A Bartholomew Source Inc,A Bartholomew Source Inc,16,0,,,1646 West Main Street,EFT
62959860,8,12/3/2025,Multiple bills,,"#333 1646 Main 2 - Dishwasher service, educated tenant on proper appliance care and reported air gap issue to management.",-75,0,333,A Bartholomew Source Inc,A Bartholomew Source Inc,A Bartholomew Source Inc,16,0,,,1646 West Main Street,EFT
62959860,8,12/3/2025,Multiple bills,,#327 2940 Main - Washer repair.,-185,0,327,A Bartholomew Source Inc,A Bartholomew Source Inc,A Bartholomew Source Inc,16,0,,,2940 West Main Boulevard,EFT
62959860,8,12/3/2025,Multiple bills,,#330 3826 Main 1 - Replaced washer shock kit and recalibrated control board. Tested dryer and educated tenants to regularly clean out vent.,-295,0,330,A Bartholomew Source Inc,A Bartholomew Source Inc,A Bartholomew Source Inc,16,0,,,3826 North Main Avenue,EFT
62959868,8,12/3/2025,328 - #328 1414 Main 4R - Washer repair.,,#328 1414 Main 4R - Washer repair.,-575,0,328,A Bartholomew Source Inc,A Bartholomew Source Inc,A Bartholomew Source Inc,16,0,,,1414 North Main Street,EFT
62959878,8,12/3/2025,329 - #329 3746 Main 2 - Replaced washer water valve.,,#329 3746 Main 2 - Replaced washer water valve.,-195,0,329,A Bartholomew Source Inc,A Bartholomew Source Inc,A Bartholomew Source Inc,16,0,,,3746 West Main Avenue,EFT
62959882,8,12/3/2025,331 - #331 659 Main 3N - Refrigerator service call.,,#331 659 Main 3N - Refrigerator service call.,-75,0,331,A Bartholomew Source Inc,A Bartholomew Source Inc,A Bartholomew Source Inc,16,0,,,655 West Main Avenue,EFT
62959886,8,12/3/2025,332 - #332 5036 Main G - Refrigerator service. Recommended replacement.,,#332 5036 Main G - Refrigerator service. Recommended replacement.,-75,0,332,A Bartholomew Source Inc,A Bartholomew Source Inc,A Bartholomew Source Inc,16,0,,,5036 North Main Street,EFT
63009525,1,12/8/2025,#334 2129 Main 1F - Washer belt and motor pulley replacement.,,#334 2129 Main 1F - Washer belt and motor pulley replacement.,285,0,334,A Bartholomew Source Inc,A Bartholomew Source Inc,A Bartholomew Source Inc,16,0,,,2129 North Main Avenue,Bill
63009547,1,12/8/2025,#336 1300 Main 3F - Microwave repair.,,#336 1300 Main 3F - Microwave repair.,210,0,336,A Bartholomew Source Inc,A Bartholomew Source Inc,A Bartholomew Source Inc,16,0,,,1300 North Main Avenue,Bill
63009549,1,12/8/2025,"#335 2324 Main 3R - Dishwasher service call, recommend replacement.",,"#335 2324 Main 3R - Dishwasher service call, recommend replacement.",75,0,335,A Bartholomew Source Inc,A Bartholomew Source Inc,A Bartholomew Source Inc,16,0,,,2324 West Main Street,Bill
63009551,1,12/8/2025,#337 1507 Main 2 - Oven repair.,,#337 1507 Main 2 - Oven repair.,375,0,337,A Bartholomew Source Inc,A Bartholomew Source Inc,A Bartholomew Source Inc,16,0,,,1507 N. Main,Bill
63009553,1,12/8/2025,"#338 3903 Main 1 - Dishwasher service call, needs to be replaced.",,"#338 3903 Main 1 - Dishwasher service call, needs to be replaced.",75,0,338,A Bartholomew Source Inc,A Bartholomew Source Inc,A Bartholomew Source Inc,16,0,,,3901 West Main Avenue,Bill
63009782,8,12/9/2025,Multiple bills,,#334 2129 Main 1F - Washer belt and motor pulley replacement.,-285,0,334,A Bartholomew Source Inc,A Bartholomew Source Inc,A Bartholomew Source Inc,16,0,,,2129 North Main Avenue,EFT
63009782,8,12/9/2025,Multiple bills,,"#335 2324 Main 3R - Dishwasher service call, recommend replacement.",-75,0,335,A Bartholomew Source Inc,A Bartholomew Source Inc,A Bartholomew Source Inc,16,0,,,2324 West Main Street,EFT
63009790,8,12/9/2025,Multiple bills,,#336 1300 Main 3F - Microwave repair.,-210,0,336,A Bartholomew Source Inc,A Bartholomew Source Inc,A Bartholomew Source Inc,16,0,,,1300 North Main Avenue,EFT
63009790,8,12/9/2025,Multiple bills,,#337 1507 Main 2 - Oven repair.,-375,0,337,A Bartholomew Source Inc,A Bartholomew Source Inc,A Bartholomew Source Inc,16,0,,,1507 N. Main,EFT
63009790,8,12/9/2025,Multiple bills,,"#338 3903 Main 1 - Dishwasher service call, needs to be replaced.",-75,0,338,A Bartholomew Source Inc,A Bartholomew Source Inc,A Bartholomew Source Inc,16,0,,,3901 West Main Avenue,EFT
63048044,1,12/15/2025,#341 3649 Main 1R - Washer tub to pump hose repair.,,#341 3649 Main 1R - Washer tub to pump hose repair.,125,0,341,A Bartholomew Source Inc,A Bartholomew Source Inc,A Bartholomew Source Inc,16,0,,,3649 West Main Avenue,Bill
63048073,1,12/15/2025,#340 815 Main 1F - Refrigerator repair.,,#340 815 Main 1F - Refrigerator repair.,190,0,340,A Bartholomew Source Inc,A Bartholomew Source Inc,A Bartholomew Source Inc,16,0,,,815 North Main Avenue,Bill
63048075,1,12/15/2025,#339 2945 Main 2R - Dishwasher latch replaced.,,#339 2945 Main 2R - Dishwasher latch replaced.,215,0,339,A Bartholomew Source Inc,A Bartholomew Source Inc,A Bartholomew Source Inc,16,0,,,2945 N. Main Ave,Bill
63048077,1,12/15/2025,"#342 814 Main 1NE - Dishwasher service call, recommended replacement.",,"#342 814 Main 1NE - Dishwasher service call, recommended replacement.",75,0,342,A Bartholomew Source Inc,A Bartholomew Source Inc,A Bartholomew Source Inc,16,0,,,814 W. Main #1NE,Bill
63048657,8,12/16/2025,"342 - #342 814 Main 1NE - Dishwasher service call, recommended replacement.",,"#342 814 Main 1NE - Dishwasher service call, recommended replacement.",-75,0,342,A Bartholomew Source Inc,A Bartholomew Source Inc,A Bartholomew Source Inc,16,0,,,814 W. Main #1NE,Bill
63048665,8,12/16/2025,340 - #340 815 Main 1F - Refrigerator repair.,,#340 815 Main 1F - Refrigerator repair.,-190,0,340,A Bartholomew Source Inc,A Bartholomew Source Inc,A Bartholomew Source Inc,16,0,,,815 North Main Avenue,EFT
63048668,8,12/16/2025,339 - #339 2945 Main 2R - Dishwasher latch replaced.,,#339 2945 Main 2R - Dishwasher latch replaced.,-215,0,339,A Bartholomew Source Inc,A Bartholomew Source Inc,A Bartholomew Source Inc,16,0,,,2945 N. Main Ave,EFT
63048670,8,12/16/2025,341 - #341 3649 Main 1R - Washer tub to pump hose repair.,,#341 3649 Main 1R - Washer tub to pump hose repair.,-125,0,341,A Bartholomew Source Inc,A Bartholomew Source Inc,A Bartholomew Source Inc,16,0,,,3649 West Main Avenue,EFT
63098067,1,12/22/2025,#344 1023 Main 306 - Washer service call.,,#344 1023 Main 306 - Washer service call.,75,0,344,A Bartholomew Source Inc,A Bartholomew Source Inc,A Bartholomew Source Inc,16,0,,,1023 N. Main Ave.,Bill
63098071,1,12/22/2025,#347 1300 Main 3R - Range repair.,,#347 1300 Main 3R - Range repair.,135,0,347,A Bartholomew Source Inc,A Bartholomew Source Inc,A Bartholomew Source Inc,16,0,,,1300 North Main Avenue,Bill
63098079,1,12/22/2025,#343 1845 Main 3 - Refrigerator repair.,,#343 1845 Main 3 - Refrigerator repair.,175,0,343,A Bartholomew Source Inc,A Bartholomew Source Inc,A Bartholomew Source Inc,16,0,,,1845 West Main Boulevard,Bill
63098081,1,12/22/2025,#345 4435 Main 3S - Oven repair.,,#345 4435 Main 3S - Oven repair.,175,0,345,A Bartholomew Source Inc,A Bartholomew Source Inc,A Bartholomew Source Inc,16,0,,,4435 North Main Street,Bill
63098095,1,12/22/2025,#346 2429 Main 1F - Refrigerator service call.,,#346 2429 Main 1F - Refrigerator service call.,75,0,346,A Bartholomew Source Inc,A Bartholomew Source Inc,A Bartholomew Source Inc,16,0,,,2429 West Main Street,Bill
63135235,8,12/29/2025,345 - #345 4435 Main 3S - Oven repair.,,#345 4435 Main 3S - Oven repair.,-175,0,345,A Bartholomew Source Inc,A Bartholomew Source Inc,A Bartholomew Source Inc,16,0,,,4435 North Main Street,EFT
63135255,8,12/29/2025,347 - #347 1300 Main 3R - Range repair.,,#347 1300 Main 3R - Range repair.,-135,0,347,A Bartholomew Source Inc,A Bartholomew Source Inc,A Bartholomew Source Inc,16,0,,,1300 North Main Avenue,Bill
63135259,8,12/29/2025,344 - #344 1023 Main 306 - Washer service call.,,#344 1023 Main 306 - Washer service call.,-75,0,344,A Bartholomew Source Inc,A Bartholomew Source Inc,A Bartholomew Source Inc,16,0,,,1023 N. Main Ave.,Bill
63135277,8,12/29/2025,Multiple bills,,#343 1845 Main 3 - Refrigerator repair.,-175,0,343,A Bartholomew Source Inc,A Bartholomew Source Inc,A Bartholomew Source Inc,16,0,,,1845 West Main Boulevard,Bill
63135277,8,12/29/2025,Multiple bills,,#346 2429 Main 1F - Refrigerator service call.,-75,0,346,A Bartholomew Source Inc,A Bartholomew Source Inc,A Bartholomew Source Inc,16,0,,,2429 West Main Street,Bill
63242864,1,1/5/2026,#349 2939 Main 3F - Replaced oven bake igniter and door seal.,,#349 2939 Main 3F - Replaced oven bake igniter and door seal.,295,0,349,A Bartholomew Source Inc,A Bartholomew Source Inc,A Bartholomew Source Inc,16,0,,,2939 West Main Avenue,Bill
63242889,1,1/5/2026,"#348 1343 Main BLDG - Recalibrated washer control board and tested. Remounted dryer coin slot and screws, tested.",,"#348 1343 Main BLDG - Recalibrated washer control board and tested. Remounted dryer coin slot and screws, tested.",175,0,348,A Bartholomew Source Inc,A Bartholomew Source Inc,A Bartholomew Source Inc,16,0,,,1343 North Main Street,Bill
63243867,8,1/6/2026,349 - #349 2939 Main 3F - Replaced oven bake igniter and door seal.,,#349 2939 Main 3F - Replaced oven bake igniter and door seal.,-295,0,349,A Bartholomew Source Inc,A Bartholomew Source Inc,A Bartholomew Source Inc,16,0,,,2939 West Main Avenue,EFT
63243885,8,1/6/2026,"348 - #348 1343 Main BLDG - Recalibrated washer control board and tested. Remounted dryer coin slot and screws, tested.",,"#348 1343 Main BLDG - Recalibrated washer control board and tested. Remounted dryer coin slot and screws, tested.",-175,0,348,A Bartholomew Source Inc,A Bartholomew Source Inc,A Bartholomew Source Inc,16,0,,,1343 North Main Street,EFT
63287463,1,1/12/2026,#352 2129 Main 2F - Refrigerator evaporator motor and blade replacement.,,#352 2129 Main 2F - Refrigerator evaporator motor and blade replacement.,215,0,352,A Bartholomew Source Inc,A Bartholomew Source Inc,A Bartholomew Source Inc,16,0,,,2129 North Main Avenue,EFT
63287490,1,1/12/2026,"#351 1521 Main 1 - Refrigerator service call, recommended replacement.",,"#351 1521 Main 1 - Refrigerator service call, recommended replacement.",75,0,351,A Bartholomew Source Inc,A Bartholomew Source Inc,A Bartholomew Source Inc,16,0,,,1521 West Main Street,EFT
63287492,1,1/12/2026,#350 942 Main 1F - Washer drain pump removed and cleaned out. Tested.,,#350 942 Main 1F - Washer drain pump removed and cleaned out. Tested.,135,0,350,A Bartholomew Source Inc,A Bartholomew Source Inc,A Bartholomew Source Inc,16,0,,,942 N. Main,EFT
63292443,8,1/14/2026,352 - #352 2129 Main 2F - Refrigerator evaporator motor and blade replacement.,,#352 2129 Main 2F - Refrigerator evaporator motor and blade replacement.,-215,0,352,A Bartholomew Source Inc,A Bartholomew Source Inc,A Bartholomew Source Inc,16,0,,,2129 North Main Avenue,EFT
63292450,8,1/14/2026,350 - #350 942 Main 1F - Washer drain pump removed and cleaned out. Tested.,,#350 942 Main 1F - Washer drain pump removed and cleaned out. Tested.,-135,0,350,A Bartholomew Source Inc,A Bartholomew Source Inc,A Bartholomew Source Inc,16,0,,,942 N. Main,EFT
63292475,8,1/14/2026,"351 - #351 1521 Main 1 - Refrigerator service call, recommended replacement.",,"#351 1521 Main 1 - Refrigerator service call, recommended replacement.",-75,0,351,A Bartholomew Source Inc,A Bartholomew Source Inc,A Bartholomew Source Inc,16,0,,,1521 West Main Street,Bill
63328575,1,1/20/2026,#355 2322 Main BLDG - Dryer repairs.,,#355 2322 Main BLDG - Dryer repairs.,95,0,355,A Bartholomew Source Inc,A Bartholomew Source Inc,A Bartholomew Source Inc,16,0,,,2322 West Main Avenue,Bill
63328577,1,1/20/2026,#354 3816 Main PARK 2 - Washer repair.,,#354 3816 Main PARK 2 - Washer repair.,320,0,354,A Bartholomew Source Inc,A Bartholomew Source Inc,A Bartholomew Source Inc,16,0,,,3816 West Main Park Road,Bill
63329652,8,1/21/2026,355 - #355 2322 Main BLDG - Dryer repairs.,,#355 2322 Main BLDG - Dryer repairs.,-95,0,355,A Bartholomew Source Inc,A Bartholomew Source Inc,A Bartholomew Source Inc,16,0,,,2322 West Main Avenue,EFT
63329662,8,1/21/2026,354 - #354 3816 Main PARK 2 - Washer repair.,,#354 3816 Main PARK 2 - Washer repair.,-320,0,354,A Bartholomew Source Inc,A Bartholomew Source Inc,A Bartholomew Source Inc,16,0,,,3816 West Main Park Road,EFT
62614338,1,10/28/2025,#21810A 3736 Main 2 - Refrigerator evaporator fan motor replacement.,,#21810A 3736 Main 2 - Refrigerator evaporator fan motor replacement.,275,0,21810A,Bartholomew's Appliance Repair,Bartholomew's Appliance Repair,Bartholomew's Appliance Repair,16,0,,,3734 W Main Ave,Bill
62614373,1,10/28/2025,#21796A 6911 Main 2 - Refrigerator service call.,,#21796A 6911 Main 2 - Refrigerator service call.,75,0,21796A,Bartholomew's Appliance Repair,Bartholomew's Appliance Repair,Bartholomew's Appliance Repair,16,0,,,6901 S Main Ave,Bill
62620505,8,10/29/2025,21810A - #21810A 3736 Main 2 - Refrigerator evaporator fan motor replacement.,,#21810A 3736 Main 2 - Refrigerator evaporator fan motor replacement.,-275,0,21810A,Bartholomew's Appliance Repair,Bartholomew's Appliance Repair,Bartholomew's Appliance Repair,16,0,,,3734 W Main Ave,EFT
62623580,8,10/29/2025,21796A - #21796A 6911 Main 2 - Refrigerator service call.,,#21796A 6911 Main 2 - Refrigerator service call.,-75,0,21796A,Bartholomew's Appliance Repair,Bartholomew's Appliance Repair,Bartholomew's Appliance Repair,16,0,,,6901 S Main Ave,EFT
62791891,8,11/18/2025,Multiple bills,,#18357A 2400 Main BSMT - Washer repair.,-240,0,18357A,Bartholomew's Appliance Repair,Bartholomew's Appliance Repair,Bartholomew's Appliance Repair,16,0,,,2400 S. Main St.,EFT
62791891,8,11/18/2025,Multiple bills,,#18365A 2400 Main 1R - Washer repair.,-245,0,18365A,Bartholomew's Appliance Repair,Bartholomew's Appliance Repair,Bartholomew's Appliance Repair,16,0,,,2400 S. Main St.,EFT
62791891,8,11/18/2025,Multiple bills,,#23011 2400 Main - Washer repair.,-240,0,23011,Bartholomew's Appliance Repair,Bartholomew's Appliance Repair,Bartholomew's Appliance Repair,16,0,,,2400 S. Main St.,EFT
62831227,1,11/24/2025,#21977A 25 Main - Refrigerator service call.,,#21977A 25 Main - Refrigerator service call.,75,0,21977A,Bartholomew's Appliance Repair,Bartholomew's Appliance Repair,Bartholomew's Appliance Repair,16,0,,,25 Main Avenue,Bill
62831229,1,11/24/2025,#18176 2735 Main GDN - Washer drum and tub found to be malfunctioning. Recommended replacement due to cost of repairs.,,#18176 2735 Main GDN - Washer drum and tub found to be malfunctioning. Recommended replacement due to cost of repairs.,75,0,18176,Bartholomew's Appliance Repair,Bartholomew's Appliance Repair,Bartholomew's Appliance Repair,16,0,,,2735 North Main Avenue,Bill
62831231,1,11/24/2025,"#18203A 4752 Main 1E - Dishwasher service call. Parts no longer available, recommended replacement.",,"#18203A 4752 Main 1E - Dishwasher service call. Parts no longer available, recommended replacement.",75,0,18203A,Bartholomew's Appliance Repair,Bartholomew's Appliance Repair,Bartholomew's Appliance Repair,16,0,,,4750 North Main Avenue,Bill
62831233,1,11/24/2025,#22076A 1509 Main 2N- Refrigerator shelving replacement.,,#22076A 1509 Main 2N- Refrigerator shelving replacement.,190,0,22076A,Bartholomew's Appliance Repair,Bartholomew's Appliance Repair,Bartholomew's Appliance Repair,16,0,,,1507 West Main Avenue,Bill
62831235,1,11/24/2025,#22077A 1509 Main 2N - Dishwasher control panel replacement.,,#22077A 1509 Main 2N - Dishwasher control panel replacement.,305,0,22077A,Bartholomew's Appliance Repair,Bartholomew's Appliance Repair,Bartholomew's Appliance Repair,16,0,,,1507 West Main Avenue,Bill
62831372,8,11/25/2025,Multiple bills,,#22076A 1509 Main 2N- Refrigerator shelving replacement.,-190,0,22076A,Bartholomew's Appliance Repair,Bartholomew's Appliance Repair,Bartholomew's Appliance Repair,16,0,,,1507 West Main Avenue,Bill
62831372,8,11/25/2025,Multiple bills,,#22077A 1509 Main 2N - Dishwasher control panel replacement.,-305,0,22077A,Bartholomew's Appliance Repair,Bartholomew's Appliance Repair,Bartholomew's Appliance Repair,16,0,,,1507 West Main Avenue,Bill
62831372,8,11/25/2025,Multiple bills,,#21977A 25 Main - Refrigerator service call.,-75,0,21977A,Bartholomew's Appliance Repair,Bartholomew's Appliance Repair,Bartholomew's Appliance Repair,16,0,,,25 Main Avenue,Bill
62831372,8,11/25/2025,Multiple bills,,#18176 2735 Main GDN - Washer drum and tub found to be malfunctioning. Recommended replacement due to cost of repairs.,-75,0,18176,Bartholomew's Appliance Repair,Bartholomew's Appliance Repair,Bartholomew's Appliance Repair,16,0,,,2735 North Main Avenue,Bill
62831389,8,11/25/2025,"18203A - #18203A 4752 Main 1E - Dishwasher service call. Parts no longer available, recommended replacement.",,"#18203A 4752 Main 1E - Dishwasher service call. Parts no longer available, recommended replacement.",-75,0,18203A,Bartholomew's Appliance Repair,Bartholomew's Appliance Repair,Bartholomew's Appliance Repair,16,0,,,4750 North Main Avenue,Bill
62956874,1,12/1/2025,"#18164-1 1846 Main 104 - Replaced dryer gas coils, ignitor, and flame sensor.",,"#18164-1 1846 Main 104 - Replaced dryer gas coils, ignitor, and flame sensor.",275,0,18164-1,Bartholomew's Appliance Repair,Bartholomew's Appliance Repair,Bartholomew's Appliance Repair,16,0,,,1846 South Main Street,EFT
62956875,1,12/1/2025,#23222 4324 Main 2F - Washer service call.,,#23222 4324 Main 2F - Washer service call.,75,0,23222,Bartholomew's Appliance Repair,Bartholomew's Appliance Repair,Bartholomew's Appliance Repair,16,0,,,4324 North Main Avenue,EFT
62956902,1,12/1/2025,#23218 1414 Main 3F - Dryer repair.,,#23218 1414 Main 3F - Dryer repair.,200,0,23218,Bartholomew's Appliance Repair,Bartholomew's Appliance Repair,Bartholomew's Appliance Repair,16,0,,,1414 North Main Street,EFT
62959865,8,12/3/2025,"18164-1 - #18164-1 1846 Main 104 - Replaced dryer gas coils, ignitor, and flame sensor.",,"#18164-1 1846 Main 104 - Replaced dryer gas coils, ignitor, and flame sensor.",-275,0,18164-1,Bartholomew's Appliance Repair,Bartholomew's Appliance Repair,Bartholomew's Appliance Repair,16,0,,,1846 South Main Street,EFT
62959871,8,12/3/2025,23218 - #23218 1414 Main 3F - Dryer repair.,,#23218 1414 Main 3F - Dryer repair.,-200,0,23218,Bartholomew's Appliance Repair,Bartholomew's Appliance Repair,Bartholomew's Appliance Repair,16,0,,,1414 North Main Street,EFT
62959885,8,12/3/2025,23222 - #23222 4324 Main 2F - Washer service call.,,#23222 4324 Main 2F - Washer service call.,-75,0,23222,Bartholomew's Appliance Repair,Bartholomew's Appliance Repair,Bartholomew's Appliance Repair,16,0,,,4324 North Main Avenue,EFT
63009559,1,12/8/2025,#21991A 2211 Main 3 - Oven repair.,,#21991A 2211 Main 3 - Oven repair.,220,0,21991A,Bartholomew's Appliance Repair,Bartholomew's Appliance Repair,Bartholomew's Appliance Repair,16,0,,,6901 S Main Ave,Bill
63009789,8,12/9/2025,21991A - #21991A 2211 Main 3 - Oven repair.,,#21991A 2211 Main 3 - Oven repair.,-220,0,21991A,Bartholomew's Appliance Repair,Bartholomew's Appliance Repair,Bartholomew's Appliance Repair,16,0,,,6901 S Main Ave,EFT
63048045,1,12/15/2025,"#23241 3736 Main 2 - Dishwasher loose spray arm, bottom door gasket, and splash shield replacement.",,"#23241 3736 Main 2 - Dishwasher loose spray arm, bottom door gasket, and splash shield replacement.",255,0,23241,Bartholomew's Appliance Repair,Bartholomew's Appliance Repair,Bartholomew's Appliance Repair,16,0,,,3734 W Main Ave,Bill
63048081,1,12/15/2025,#22104A 1632 Main G - Washer service call.,,#22104A 1632 Main G - Washer service call.,75,0,22104A,Bartholomew's Appliance Repair,Bartholomew's Appliance Repair,Bartholomew's Appliance Repair,16,0,,,1632 South Main Street,Bill
63048082,1,12/15/2025,#22140 2049 Main 3F - Refrigerator service call.,,#22140 2049 Main 3F - Refrigerator service call.,75,0,22140,Bartholomew's Appliance Repair,Bartholomew's Appliance Repair,Bartholomew's Appliance Repair,16,0,,,2049 West Main Street,Bill
63048085,1,12/15/2025,#18142 2639 Main 1F - Dryer gas coils and vent replacement.,,#18142 2639 Main 1F - Dryer gas coils and vent replacement.,195,0,18142,Bartholomew's Appliance Repair,Bartholomew's Appliance Repair,Bartholomew's Appliance Repair,16,0,,,2639 West Main Street,Bill
63048087,1,12/15/2025,#22101A 2659 Main 3 - Washer service call.,,#22101A 2659 Main 3 - Washer service call.,75,0,22101A,Bartholomew's Appliance Repair,Bartholomew's Appliance Repair,Bartholomew's Appliance Repair,16,0,,,2657 N. Main,Bill
63048660,8,12/16/2025,22101A - #22101A 2659 Main 3 - Washer service call.,,#22101A 2659 Main 3 - Washer service call.,-75,0,22101A,Bartholomew's Appliance Repair,Bartholomew's Appliance Repair,Bartholomew's Appliance Repair,16,0,,,2657 N. Main,Bill
63048662,8,12/16/2025,18142 - #18142 2639 Main 1F - Dryer gas coils and vent replacement.,,#18142 2639 Main 1F - Dryer gas coils and vent replacement.,-195,0,18142,Bartholomew's Appliance Repair,Bartholomew's Appliance Repair,Bartholomew's Appliance Repair,16,0,,,2639 West Main Street,Bill
63048667,8,12/16/2025,22140 - #22140 2049 Main 3F - Refrigerator service call.,,#22140 2049 Main 3F - Refrigerator service call.,-75,0,22140,Bartholomew's Appliance Repair,Bartholomew's Appliance Repair,Bartholomew's Appliance Repair,16,0,,,2049 West Main Street,EFT
63048673,8,12/16/2025,22104A - #22104A 1632 Main G - Washer service call.,,#22104A 1632 Main G - Washer service call.,-75,0,22104A,Bartholomew's Appliance Repair,Bartholomew's Appliance Repair,Bartholomew's Appliance Repair,16,0,,,1632 South Main Street,EFT
63098027,1,12/22/2025,#18135A 4324 Main 1F - Washer repair.,,#18135A 4324 Main 1F - Washer repair.,145,0,18135A,Bartholomew's Appliance Repair,Bartholomew's Appliance Repair,Bartholomew's Appliance Repair,16,0,,,4324 North Main Avenue,EFT
63098028,1,12/22/2025,#23371A 3758 Main 2F - Dishwasher service call.,,#23371A 3758 Main 2F - Dishwasher service call.,145,0,23371A,Bartholomew's Appliance Repair,Bartholomew's Appliance Repair,Bartholomew's Appliance Repair,16,0,,,3758 West Main Avenue,EFT
63098031,1,12/22/2025,#23383A 959 Main 2 - Dryer service call.,,#23383A 959 Main 2 - Dryer service call.,75,0,23383A,Bartholomew's Appliance Repair,Bartholomew's Appliance Repair,Bartholomew's Appliance Repair,16,0,,,959 North Main Avenue,EFT
63098032,1,12/22/2025,#23365A 1922 Main 2F - Washer repair.,,#23365A 1922 Main 2F - Washer repair.,145,0,23365A,Bartholomew's Appliance Repair,Bartholomew's Appliance Repair,Bartholomew's Appliance Repair,16,0,,,1922 South Main Street,EFT
63098033,1,12/22/2025,#18150A 4324 Main 2F - Washer repair.,,#18150A 4324 Main 2F - Washer repair.,225,0,18150A,Bartholomew's Appliance Repair,Bartholomew's Appliance Repair,Bartholomew's Appliance Repair,16,0,,,4324 North Main Avenue,Check 507
63098075,1,12/22/2025,#23348 2400 Main 1R - Dishwasher repair.,,#23348 2400 Main 1R - Dishwasher repair.,190,0,23348,Bartholomew's Appliance Repair,Bartholomew's Appliance Repair,Bartholomew's Appliance Repair,16,0,,,2400 S. Main St.,Bill
63098077,1,12/22/2025,#23347A 3238 Main - Dishwasher repair.,,#23347A 3238 Main - Dishwasher repair.,145,0,23347A,Bartholomew's Appliance Repair,Bartholomew's Appliance Repair,Bartholomew's Appliance Repair,16,0,,,3238 North Main Street,Bill
63098085,1,12/22/2025,#23374A 3251 Main 1N - Dryer service call.,,#23374A 3251 Main 1N - Dryer service call.,75,0,23374A,Bartholomew's Appliance Repair,Bartholomew's Appliance Repair,Bartholomew's Appliance Repair,16,0,,,3249 North Main Avenue,Bill
63098089,1,12/22/2025,#23357 3905 Main 1 - Dryer repair.,,#23357 3905 Main 1 - Dryer repair.,175,0,23357,Bartholomew's Appliance Repair,Bartholomew's Appliance Repair,Bartholomew's Appliance Repair,16,0,,,3901 West Main Avenue,Bill
63098091,1,12/22/2025,#23370A 3903 Main - Washer service call.,,#23370A 3903 Main - Washer service call.,75,0,23370A,Bartholomew's Appliance Repair,Bartholomew's Appliance Repair,Bartholomew's Appliance Repair,16,0,,,3903 West Main Avenue,Bill
63098093,1,12/22/2025,#23368A 3903 Main 1E - Dishwasher service call.,,#23368A 3903 Main 1E - Dishwasher service call.,75,0,23368A,Bartholomew's Appliance Repair,Bartholomew's Appliance Repair,Bartholomew's Appliance Repair,16,0,,,3903 West Main Avenue,Bill
63098101,1,12/22/2025,#22191A 815 Main 3R - Dishwasher repair.,,#22191A 815 Main 3R - Dishwasher repair.,190,0,22191A,Bartholomew's Appliance Repair,Bartholomew's Appliance Repair,Bartholomew's Appliance Repair,16,0,,,815 North Main Avenue,EFT
63098105,1,12/22/2025,#18133A 1007 Main 3R - Washer repair.,,#18133A 1007 Main 3R - Washer repair.,145,0,18133A,Bartholomew's Appliance Repair,Bartholomew's Appliance Repair,Bartholomew's Appliance Repair,16,0,,,1007 Main Avenue,EFT
63098107,1,12/22/2025,#22175 2206 Main G - Oven repair.,,#22175 2206 Main G - Oven repair.,220,0,22175,Bartholomew's Appliance Repair,Bartholomew's Appliance Repair,Bartholomew's Appliance Repair,16,0,,,6949 S Main Ave,EFT
63098109,1,12/22/2025,#18115A 2455 Main 2 - Washer service call.,,#18115A 2455 Main 2 - Washer service call.,75,0,18115A,Bartholomew's Appliance Repair,Bartholomew's Appliance Repair,Bartholomew's Appliance Repair,16,0,,,2455 N. Main Ave,EFT
63098111,1,12/22/2025,#18116A 4819 Main 1 - Dishwasher repair.,,#18116A 4819 Main 1 - Dishwasher repair.,205,0,18116A,Bartholomew's Appliance Repair,Bartholomew's Appliance Repair,Bartholomew's Appliance Repair,16,0,,,4819 W. Main Avenue,EFT
63098113,1,12/22/2025,#22173A 6143 Main 3 - Refrigerator service call.,,#22173A 6143 Main 3 - Refrigerator service call.,75,0,22173A,Bartholomew's Appliance Repair,Bartholomew's Appliance Repair,Bartholomew's Appliance Repair,16,0,,,6141 South Main Avenue,EFT
63098115,1,12/22/2025,#22174A 6915 Main 2 - Refrigerator service call.,,#22174A 6915 Main 2 - Refrigerator service call.,75,0,22174A,Bartholomew's Appliance Repair,Bartholomew's Appliance Repair,Bartholomew's Appliance Repair,16,0,,,6901 S Main Ave,EFT
63135240,8,12/29/2025,Multiple bills,,#18133A 1007 Main 3R - Washer repair.,-145,0,18133A,Bartholomew's Appliance Repair,Bartholomew's Appliance Repair,Bartholomew's Appliance Repair,16,0,,,1007 Main Avenue,EFT
63135240,8,12/29/2025,Multiple bills,,#22173A 6143 Main 3 - Refrigerator service call.,-75,0,22173A,Bartholomew's Appliance Repair,Bartholomew's Appliance Repair,Bartholomew's Appliance Repair,16,0,,,6141 South Main Avenue,EFT
63135249,8,12/29/2025,18115A - #18115A 2455 Main 2 - Washer service call.,,#18115A 2455 Main 2 - Washer service call.,-75,0,18115A,Bartholomew's Appliance Repair,Bartholomew's Appliance Repair,Bartholomew's Appliance Repair,16,0,,,2455 N. Main Ave,Bill
63135254,8,12/29/2025,Multiple bills,,#22174A 6915 Main 2 - Refrigerator service call.,-75,0,22174A,Bartholomew's Appliance Repair,Bartholomew's Appliance Repair,Bartholomew's Appliance Repair,16,0,,,6901 S Main Ave,Bill
63135254,8,12/29/2025,Multiple bills,,#22175 2206 Main G - Oven repair.,-220,0,22175,Bartholomew's Appliance Repair,Bartholomew's Appliance Repair,Bartholomew's Appliance Repair,16,0,,,6949 S Main Ave,Bill
63135258,8,12/29/2025,Multiple bills,,#23357 3905 Main 1 - Dryer repair.,-175,0,23357,Bartholomew's Appliance Repair,Bartholomew's Appliance Repair,Bartholomew's Appliance Repair,16,0,,,3901 West Main Avenue,Bill
63135258,8,12/29/2025,Multiple bills,,#18116A 4819 Main 1 - Dishwasher repair.,-205,0,18116A,Bartholomew's Appliance Repair,Bartholomew's Appliance Repair,Bartholomew's Appliance Repair,16,0,,,4819 W. Main Avenue,Bill
63135264,8,12/29/2025,23365A - #23365A 1922 Main 2F - Washer repair.,,#23365A 1922 Main 2F - Washer repair.,-145,0,23365A,Bartholomew's Appliance Repair,Bartholomew's Appliance Repair,Bartholomew's Appliance Repair,16,0,,,1922 South Main Street,Bill
63135270,8,12/29/2025,23371A - #23371A 3758 Main 2F - Dishwasher service call.,,#23371A 3758 Main 2F - Dishwasher service call.,-145,0,23371A,Bartholomew's Appliance Repair,Bartholomew's Appliance Repair,Bartholomew's Appliance Repair,16,0,,,3758 West Main Avenue,Bill
63135274,8,12/29/2025,Multiple bills,,#23374A 3251 Main 1N - Dryer service call.,-75,0,23374A,Bartholomew's Appliance Repair,Bartholomew's Appliance Repair,Bartholomew's Appliance Repair,16,0,,,3249 North Main Avenue,Bill
63135274,8,12/29/2025,Multiple bills,,#22191A 815 Main 3R - Dishwasher repair.,-190,0,22191A,Bartholomew's Appliance Repair,Bartholomew's Appliance Repair,Bartholomew's Appliance Repair,16,0,,,815 North Main Avenue,Bill
63135278,8,12/29/2025,23347A - #23347A 3238 Main - Dishwasher repair.,,#23347A 3238 Main - Dishwasher repair.,-145,0,23347A,Bartholomew's Appliance Repair,Bartholomew's Appliance Repair,Bartholomew's Appliance Repair,16,0,,,3238 North Main Street,Bill
63135283,8,12/29/2025,Multiple bills,,#18135A 4324 Main 1F - Washer repair.,-145,0,18135A,Bartholomew's Appliance Repair,Bartholomew's Appliance Repair,Bartholomew's Appliance Repair,16,0,,,4324 North Main Avenue,Bill
63135283,8,12/29/2025,Multiple bills,,#18150A 4324 Main 2F - Washer repair.,-225,0,18150A,Bartholomew's Appliance Repair,Bartholomew's Appliance Repair,Bartholomew's Appliance Repair,16,0,,,4324 North Main Avenue,Bill
63135283,8,12/29/2025,Multiple bills,,#23383A 959 Main 2 - Dryer service call.,-75,0,23383A,Bartholomew's Appliance Repair,Bartholomew's Appliance Repair,Bartholomew's Appliance Repair,16,0,,,959 North Main Avenue,Bill
63135286,8,12/29/2025,Multiple bills,,#23370A 3903 Main - Washer service call.,-75,0,23370A,Bartholomew's Appliance Repair,Bartholomew's Appliance Repair,Bartholomew's Appliance Repair,16,0,,,3903 West Main Avenue,Bill
63135286,8,12/29/2025,Multiple bills,,#23368A 3903 Main 1E - Dishwasher service call.,-75,0,23368A,Bartholomew's Appliance Repair,Bartholomew's Appliance Repair,Bartholomew's Appliance Repair,16,0,,,3903 West Main Avenue,Bill
63204892,8,1/2/2026,23348 - #23348 2400 Main 1R - Dishwasher repair.,,#23348 2400 Main 1R - Dishwasher repair.,-190,0,23348,Bartholomew's Appliance Repair,Bartholomew's Appliance Repair,Bartholomew's Appliance Repair,16,0,,,2400 S. Main St.,Bill
63243870,8,1/6/2026,"23241 - #23241 3736 Main 2 - Dishwasher loose spray arm, bottom door gasket, and splash shield replacement.",,"#23241 3736 Main 2 - Dishwasher loose spray arm, bottom door gasket, and splash shield replacement.",-255,0,23241,Bartholomew's Appliance Repair,Bartholomew's Appliance Repair,Bartholomew's Appliance Repair,16,0,,,3734 W Main Ave,EFT
63328572,1,1/20/2026,#22226A 1707 Main 2NRB - Dishwasher lower spray arm replaced.,,#22226A 1707 Main 2NRB - Dishwasher lower spray arm replaced.,190,0,22226A,Bartholomew's Appliance Repair,Bartholomew's Appliance Repair,Bartholomew's Appliance Repair,16,0,,,1707 South Main Avenue,Bill
63328573,1,1/20/2026,#18100A 1846 Main 203 - Dishwasher drain pump cleared and repaired.,,#18100A 1846 Main 203 - Dishwasher drain pump cleared and repaired.,145,0,18100A,Bartholomew's Appliance Repair,Bartholomew's Appliance Repair,Bartholomew's Appliance Repair,16,0,,,1846 South Main Street,Bill
63328576,1,1/20/2026,#23403A 3754 Main 2R - Washer repair.,,#23403A 3754 Main 2R - Washer repair.,220,0,23403A,Bartholomew's Appliance Repair,Bartholomew's Appliance Repair,Bartholomew's Appliance Repair,16,0,,,3754 West Main Avenue,Bill
63328593,1,1/20/2026,#23401 1343 Main 1 - Washer service call.,,#23401 1343 Main 1 - Washer service call.,75,0,23401,Bartholomew's Appliance Repair,Bartholomew's Appliance Repair,Bartholomew's Appliance Repair,16,0,,,1343 North Main Street,Bill
63328595,1,1/20/2026,#23421A 1405 Main 2W - Dishwasher service call.,,#23421A 1405 Main 2W - Dishwasher service call.,75,0,23421A,Bartholomew's Appliance Repair,Bartholomew's Appliance Repair,Bartholomew's Appliance Repair,16,0,,,1403 West Main Avenue,Bill
63328599,1,1/20/2026,#18128A 2049 Main - Washer repair.,,#18128A 2049 Main - Washer repair.,255,0,18128A,Bartholomew's Appliance Repair,Bartholomew's Appliance Repair,Bartholomew's Appliance Repair,16,0,,,2049 West Main Street,Bill
63328603,1,1/20/2026,#23291A 2542 Main 1 - Cleared frozen drain in fridge and tested.,,#23291A 2542 Main 1 - Cleared frozen drain in fridge and tested.,145,0,23291A,Bartholomew's Appliance Repair,Bartholomew's Appliance Repair,Bartholomew's Appliance Repair,16,0,,,2542 North Main Avenue,Bill
63328611,1,1/20/2026,#22183A 6141 Main 1 - Range repair.,,#22183A 6141 Main 1 - Range repair.,220,0,22183A,Bartholomew's Appliance Repair,Bartholomew's Appliance Repair,Bartholomew's Appliance Repair,16,0,,,6141 South Main Avenue,EFT
63328613,1,1/20/2026,#23380A 834 Main G - Dishwasher motor replacement.,,#23380A 834 Main G - Dishwasher motor replacement.,375,0,23380A,Bartholomew's Appliance Repair,Bartholomew's Appliance Repair,Bartholomew's Appliance Repair,16,0,,,834 W. Main,EFT
63328615,1,1/20/2026,#23420A 834 Main G - Dishwasher heat service call.,,#23420A 834 Main G - Dishwasher heat service call.,75,0,23420A,Bartholomew's Appliance Repair,Bartholomew's Appliance Repair,Bartholomew's Appliance Repair,16,0,,,834 W. Main,EFT
63329638,8,1/21/2026,Multiple bills,,#23421A 1405 Main 2W - Dishwasher service call.,-75,0,23421A,Bartholomew's Appliance Repair,Bartholomew's Appliance Repair,Bartholomew's Appliance Repair,16,0,,,1403 West Main Avenue,EFT
63329638,8,1/21/2026,Multiple bills,,#18100A 1846 Main 203 - Dishwasher drain pump cleared and repaired.,-145,0,18100A,Bartholomew's Appliance Repair,Bartholomew's Appliance Repair,Bartholomew's Appliance Repair,16,0,,,1846 South Main Street,EFT
63329638,8,1/21/2026,Multiple bills,,#23291A 2542 Main 1 - Cleared frozen drain in fridge and tested.,-145,0,23291A,Bartholomew's Appliance Repair,Bartholomew's Appliance Repair,Bartholomew's Appliance Repair,16,0,,,2542 North Main Avenue,EFT
63329638,8,1/21/2026,Multiple bills,,#22183A 6141 Main 1 - Range repair.,-220,0,22183A,Bartholomew's Appliance Repair,Bartholomew's Appliance Repair,Bartholomew's Appliance Repair,16,0,,,6141 South Main Avenue,EFT
63329638,8,1/21/2026,Multiple bills,,#23420A 834 Main G - Dishwasher heat service call.,-75,0,23420A,Bartholomew's Appliance Repair,Bartholomew's Appliance Repair,Bartholomew's Appliance Repair,16,0,,,834 W. Main,EFT
63329638,8,1/21/2026,Multiple bills,,#23380A 834 Main G - Dishwasher motor replacement.,-375,0,23380A,Bartholomew's Appliance Repair,Bartholomew's Appliance Repair,Bartholomew's Appliance Repair,16,0,,,834 W. Main,EFT
63329648,8,1/21/2026,22226A - #22226A 1707 Main 2NRB - Dishwasher lower spray arm replaced.,,#22226A 1707 Main 2NRB - Dishwasher lower spray arm replaced.,-190,0,22226A,Bartholomew's Appliance Repair,Bartholomew's Appliance Repair,Bartholomew's Appliance Repair,16,0,,,1707 South Main Avenue,EFT
63329655,8,1/21/2026,23403A - #23403A 3754 Main 2R - Washer repair.,,#23403A 3754 Main 2R - Washer repair.,-220,0,23403A,Bartholomew's Appliance Repair,Bartholomew's Appliance Repair,Bartholomew's Appliance Repair,16,0,,,3754 West Main Avenue,EFT
63329659,8,1/21/2026,18128A - #18128A 2049 Main - Washer repair.,,#18128A 2049 Main - Washer repair.,-255,0,18128A,Bartholomew's Appliance Repair,Bartholomew's Appliance Repair,Bartholomew's Appliance Repair,16,0,,,2049 West Main Street,EFT
63329663,8,1/21/2026,23401 - #23401 1343 Main 1 - Washer service call.,,#23401 1343 Main 1 - Washer service call.,-75,0,23401,Bartholomew's Appliance Repair,Bartholomew's Appliance Repair,Bartholomew's Appliance Repair,16,0,,,1343 North Main Street,EFT
62759998,1,11/11/2025,"#3582 1922 Main 1R - Installation of new tankless water heater 140,000 BTU.",,"#3582 1922 Main 1R - Installation of new tankless water heater 140,000 BTU.",2400,0,3582,"Best Services, Inc.","Best Services, Inc.","Best Services, Inc.",16,0,,,1922 South Main Street,EFT
62760022,1,11/11/2025,#3585 1106 Main 1F - Installation of new HVAC system.,,#3585 1106 Main 1F - Installation of new HVAC system.,7000,0,3585,"Best Services, Inc.","Best Services, Inc.","Best Services, Inc.",16,0,,,1106 Main Avenue,Bill
62760024,1,11/11/2025,#3583 2129 Main 1R - Installation of new water heater.,,#3583 2129 Main 1R - Installation of new water heater.,2350,0,3583,"Best Services, Inc.","Best Services, Inc.","Best Services, Inc.",16,0,,,2129 North Main Avenue,Bill
62760026,1,11/11/2025,"#3581 2649 Main 1 - Parts, labor, materials and installation for complete HVAC installation.",,"#3581 2649 Main 1 - Parts, labor, materials and installation for complete HVAC installation.",7450,0,3581,"Best Services, Inc.","Best Services, Inc.","Best Services, Inc.",16,0,,,2649 W. Main,Bill
62764205,2,11/12/2025,3583 - #3583 2129 Main 1R - Installation of new water heater.,1295,#3583 2129 Main 1R - Installation of new water heater.,-2350,0,3583,"Best Services, Inc.","Best Services, Inc.","Best Services, Inc.",16,0,,,2129 North Main Avenue,EFT
62764207,2,11/12/2025,"3582 - #3582 1922 Main 1R - Installation of new tankless water heater 140,000 BTU.",133,"#3582 1922 Main 1R - Installation of new tankless water heater 140,000 BTU.",-2400,0,3582,"Best Services, Inc.","Best Services, Inc.","Best Services, Inc.",16,0,,,1922 South Main Street,EFT
62797306,2,11/19/2025,"3581 - #3581 2649 Main 1 - Parts, labor, materials and installation for complete HVAC installation.",4155,"#3581 2649 Main 1 - Parts, labor, materials and installation for complete HVAC installation.",-7450,0,3581,"Best Services, Inc.","Best Services, Inc.","Best Services, Inc.",16,0,,,2649 W. Main,EFT
62797624,2,11/19/2025,3585 - #3585 1106 Main 1F - Installation of new HVAC system.,1298,#3585 1106 Main 1F - Installation of new HVAC system.,-7000,0,3585,"Best Services, Inc.","Best Services, Inc.","Best Services, Inc.",16,0,,,1106 Main Avenue,EFT
62831205,1,11/24/2025,#3589 2731 Main 1 - Installed new furnace and repaired existing AC.,,#3589 2731 Main 1 - Installed new furnace and repaired existing AC.,3750,0,3589,"Best Services, Inc.","Best Services, Inc.","Best Services, Inc.",16,0,,,2731 North Main Avenue,EFT
62831528,2,11/25/2025,3589 - #3589 2731 Main 1 - Installed new furnace and repaired existing AC.,191,#3589 2731 Main 1 - Installed new furnace and repaired existing AC.,-3750,0,3589,"Best Services, Inc.","Best Services, Inc.","Best Services, Inc.",16,0,,,2731 North Main Avenue,Bill
62956906,1,12/1/2025,#3586 1030 Main 3 - Replaced gas valve.,,#3586 1030 Main 3 - Replaced gas valve.,475,0,3586,"Best Services, Inc.","Best Services, Inc.","Best Services, Inc.",16,0,,,1030 North Main Street,EFT
62960075,2,12/3/2025,3586 - #3586 1030 Main 3 - Replaced gas valve.,1305,#3586 1030 Main 3 - Replaced gas valve.,-475,0,3586,"Best Services, Inc.","Best Services, Inc.","Best Services, Inc.",16,0,,,1030 North Main Street,EFT
63009498,1,12/8/2025,#1129 2410 Main 2 - Installation of new furnace.,,#1129 2410 Main 2 - Installation of new furnace.,3550,0,1129,"Best Services, Inc.","Best Services, Inc.","Best Services, Inc.",16,0,,,4500 W Main Ave,Bill
63009499,1,12/8/2025,#3596 2408 Main 1 - Installation of new furnace.,,#3596 2408 Main 1 - Installation of new furnace.,3550,0,3596,"Best Services, Inc.","Best Services, Inc.","Best Services, Inc.",16,0,,,4500 W Main Ave,Bill
63009537,1,12/8/2025,#3597 1023 Main 307 - Installation of new water heater 50 gallons AO Smith power vent.,,#3597 1023 Main 307 - Installation of new water heater 50 gallons AO Smith power vent.,2395,0,3597,"Best Services, Inc.","Best Services, Inc.","Best Services, Inc.",16,0,,,1023 N. Main Ave.,Bill
63018085,2,12/10/2025,3597 - #3597 1023 Main 307 - Installation of new water heater 50 gallons AO Smith power vent.,507,#3597 1023 Main 307 - Installation of new water heater 50 gallons AO Smith power vent.,-2395,0,3597,"Best Services, Inc.","Best Services, Inc.","Best Services, Inc.",16,0,,,1023 N. Main Ave.,Check 1305
63018088,2,12/10/2025,Multiple bills,210,#1129 2410 Main 2 - Installation of new furnace.,-3550,0,1129,"Best Services, Inc.","Best Services, Inc.","Best Services, Inc.",16,0,,,4500 W Main Ave,Bill
63018088,2,12/10/2025,Multiple bills,210,#3596 2408 Main 1 - Installation of new furnace.,-3550,0,3596,"Best Services, Inc.","Best Services, Inc.","Best Services, Inc.",16,0,,,4500 W Main Ave,Bill
63097980,1,12/22/2025,"#3613 4500 Main - Parts, labor, materials and installation includes furnace, duct work, exhaust, electric and gas for both sides on the north sides on the bldg.",,"#3613 4500 Main - Parts, labor, materials and installation includes furnace, duct work, exhaust, electric and gas for both sides on the north sides on the bldg.",6250,0,3613,"Best Services, Inc.","Best Services, Inc.","Best Services, Inc.",16,0,,,4500 W Main Ave,EFT
63098047,1,12/22/2025,#3600 4324 Main 2F - Installation of new mini split heat pump.,,#3600 4324 Main 2F - Installation of new mini split heat pump.,5500,0,3600,"Best Services, Inc.","Best Services, Inc.","Best Services, Inc.",16,0,,,4324 North Main Avenue,Bill
63098063,1,12/22/2025,#3607 1826 Main 2NF - Installation of the new blower motor. in furnace.,,#3607 1826 Main 2NF - Installation of the new blower motor. in furnace.,675,0,3607,"Best Services, Inc.","Best Services, Inc.","Best Services, Inc.",16,0,,,1824 North Main Avenue,Bill
63098069,1,12/22/2025,"#3610 2170 Main - Parts, labor, materials and installation for new pump.",,"#3610 2170 Main - Parts, labor, materials and installation for new pump.",750,0,3610,"Best Services, Inc.","Best Services, Inc.","Best Services, Inc.",16,0,,,2170 West Main Avenue,Bill
63141577,2,12/30/2025,"3613 - #3613 4500 Main - Parts, labor, materials and installation includes furnace, duct work, exhaust, electric and gas for both sides on the north sides on the bldg.",211,"#3613 4500 Main - Parts, labor, materials and installation includes furnace, duct work, exhaust, electric and gas for both sides on the north sides on the bldg.",-6250,0,3613,"Best Services, Inc.","Best Services, Inc.","Best Services, Inc.",16,0,,,4500 W Main Ave,Bill
63141578,2,12/30/2025,3600 - #3600 4324 Main 2F - Installation of new mini split heat pump.,118,#3600 4324 Main 2F - Installation of new mini split heat pump.,-5500,0,3600,"Best Services, Inc.","Best Services, Inc.","Best Services, Inc.",16,0,,,4324 North Main Avenue,Bill
63141579,2,12/30/2025,"3610 - #3610 2170 Main - Parts, labor, materials and installation for new pump.",105,"#3610 2170 Main - Parts, labor, materials and installation for new pump.",-750,0,3610,"Best Services, Inc.","Best Services, Inc.","Best Services, Inc.",16,0,,,2170 West Main Avenue,Bill
63141580,2,12/30/2025,3607 - #3607 1826 Main 2NF - Installation of the new blower motor. in furnace.,105,#3607 1826 Main 2NF - Installation of the new blower motor. in furnace.,-675,0,3607,"Best Services, Inc.","Best Services, Inc.","Best Services, Inc.",16,0,,,1824 North Main Avenue,Bill
63242823,1,1/5/2026,#3618 1922 Main 2F - Installing new water heater electric 40 gallons.,,#3618 1922 Main 2F - Installing new water heater electric 40 gallons.,1100,0,3618,"Best Services, Inc.","Best Services, Inc.","Best Services, Inc.",16,0,,,1922 South Main Street,Bill
63242873,1,1/5/2026,#3623 1404 Main CH - Install new 40 gallons water heater.,,#3623 1404 Main CH - Install new 40 gallons water heater.,1275,0,3623,"Best Services, Inc.","Best Services, Inc.","Best Services, Inc.",16,0,,,1404 N. Main,Bill
63242875,1,1/5/2026,#3619 3856 Main 2E - Install new 40 gallons water heater.,,#3619 3856 Main 2E - Install new 40 gallons water heater.,1275,0,3619,"Best Services, Inc.","Best Services, Inc.","Best Services, Inc.",16,0,,,3856 W. Main Ave,Bill
63242877,1,1/5/2026,#3621 914 Main CH1 - Install new 40 gallons water heater.,,#3621 914 Main CH1 - Install new 40 gallons water heater.,1275,0,3621,"Best Services, Inc.","Best Services, Inc.","Best Services, Inc.",16,0,,,914 Main Avenue,Bill
63242879,1,1/5/2026,#3620 1846 Main 101 - Install new 40 gallons water heater.,,#3620 1846 Main 101 - Install new 40 gallons water heater.,1150,0,3620,"Best Services, Inc.","Best Services, Inc.","Best Services, Inc.",16,0,,,1846 South Main Street,Bill
63242885,1,1/5/2026,#3624 5329 Main 3 - Installation of new return air on the porch and replacing the main trunk and add filter rack to change the filter.,,#3624 5329 Main 3 - Installation of new return air on the porch and replacing the main trunk and add filter rack to change the filter.,1250,0,3624,"Best Services, Inc.","Best Services, Inc.","Best Services, Inc.",16,0,,,5329 N. Main Ave,Bill
63248189,2,1/7/2026,Multiple bills,,#3620 1846 Main 101 - Install new 40 gallons water heater.,-1150,0,3620,"Best Services, Inc.","Best Services, Inc.","Best Services, Inc.",16,0,,,1846 South Main Street,EFT
63248189,2,1/7/2026,Multiple bills,,#3619 3856 Main 2E - Install new 40 gallons water heater.,-1275,0,3619,"Best Services, Inc.","Best Services, Inc.","Best Services, Inc.",16,0,,,3856 W. Main Ave,EFT
63248189,2,1/7/2026,Multiple bills,,#3624 5329 Main 3 - Installation of new return air on the porch and replacing the main trunk and add filter rack to change the filter.,-1250,0,3624,"Best Services, Inc.","Best Services, Inc.","Best Services, Inc.",16,0,,,5329 N. Main Ave,EFT
63248190,2,1/7/2026,3623 - #3623 1404 Main CH - Install new 40 gallons water heater.,,#3623 1404 Main CH - Install new 40 gallons water heater.,-1275,0,3623,"Best Services, Inc.","Best Services, Inc.","Best Services, Inc.",16,0,,,1404 N. Main,EFT
63248191,2,1/7/2026,3618 - #3618 1922 Main 2F - Installing new water heater electric 40 gallons.,,#3618 1922 Main 2F - Installing new water heater electric 40 gallons.,-1100,0,3618,"Best Services, Inc.","Best Services, Inc.","Best Services, Inc.",16,0,,,1922 South Main Street,EFT
63248192,2,1/7/2026,3621 - #3621 914 Main CH1 - Install new 40 gallons water heater.,168,#3621 914 Main CH1 - Install new 40 gallons water heater.,-1275,0,3621,"Best Services, Inc.","Best Services, Inc.","Best Services, Inc.",16,0,,,914 Main Avenue,EFT
63287473,1,1/12/2026,#3626 1023 Main 209 - Installation of new water heater.,,#3626 1023 Main 209 - Installation of new water heater.,2395,0,3626,"Best Services, Inc.","Best Services, Inc.","Best Services, Inc.",16,0,,,1023 N. Main Ave.,EFT
63287475,1,1/12/2026,"#3625 1343 Main 3 - Installation of new HVAC system. Installation of 3 ton condenser. Parts, labor, materials and installation.",,"#3625 1343 Main 3 - Installation of new HVAC system. Installation of 3 ton condenser. Parts, labor, materials and installation.",7650,0,3625,"Best Services, Inc.","Best Services, Inc.","Best Services, Inc.",16,0,,,1343 North Main Street,EFT
63287484,1,1/12/2026,#3612 6959 Main - Installation of new low water cutoff and 2 wireless sensors for boiler.,,#3612 6959 Main - Installation of new low water cutoff and 2 wireless sensors for boiler.,2700,0,3612,"Best Services, Inc.","Best Services, Inc.","Best Services, Inc.",16,0,,,6949 S Main Ave,EFT
63292357,2,1/14/2026,3612 - #3612 6959 Main - Installation of new low water cutoff and 2 wireless sensors for boiler.,4014,#3612 6959 Main - Installation of new low water cutoff and 2 wireless sensors for boiler.,-2700,0,3612,"Best Services, Inc.","Best Services, Inc.","Best Services, Inc.",16,0,,,6949 S Main Ave,EFT
63292358,2,1/14/2026,3626 - #3626 1023 Main 209 - Installation of new water heater.,508,#3626 1023 Main 209 - Installation of new water heater.,-2395,0,3626,"Best Services, Inc.","Best Services, Inc.","Best Services, Inc.",16,0,,,1023 N. Main Ave.,EFT
63292359,2,1/14/2026,"3625 - #3625 1343 Main 3 - Installation of new HVAC system. Installation of 3 ton condenser. Parts, labor, materials and installation.",104,"#3625 1343 Main 3 - Installation of new HVAC system. Installation of 3 ton condenser. Parts, labor, materials and installation.",-7650,0,3625,"Best Services, Inc.","Best Services, Inc.","Best Services, Inc.",16,0,,,1343 North Main Street,EFT
63328578,1,1/20/2026,"#3627 1849 Main 2 - Reconnected electrial wires, installed new thermostat and installed new filter.",,"#3627 1849 Main 2 - Reconnected electrial wires, installed new thermostat and installed new filter.",575,0,3627,"Best Services, Inc.","Best Services, Inc.","Best Services, Inc.",16,0,,,959 North Main Avenue,Bill
63328585,1,1/20/2026,"#3628 2301 Main 1RR - Installed high-efficiency 40,000 BTU furnace, new drain, and new exhaust.",,"#3628 2301 Main 1RR - Installed high-efficiency 40,000 BTU furnace, new drain, and new exhaust.",3750,0,3628,"Best Services, Inc.","Best Services, Inc.","Best Services, Inc.",16,0,,,2301 North Main Street,Bill
63329685,2,1/21/2026,"3628 - #3628 2301 Main 1RR - Installed high-efficiency 40,000 BTU furnace, new drain, and new exhaust.",169,"#3628 2301 Main 1RR - Installed high-efficiency 40,000 BTU furnace, new drain, and new exhaust.",-3750,0,3628,"Best Services, Inc.","Best Services, Inc.","Best Services, Inc.",16,0,,,2301 North Main Street,EFT
63329687,2,1/21/2026,"3627 - #3627 1849 Main 2 - Reconnected electrial wires, installed new thermostat and installed new filter.",119,"#3627 1849 Main 2 - Reconnected electrial wires, installed new thermostat and installed new filter.",-575,0,3627,"Best Services, Inc.","Best Services, Inc.","Best Services, Inc.",16,0,,,959 North Main Avenue,EFT
62614344,1,10/28/2025,#625715-1 1646 Main 1 - Ignitor 5 1/4Lds x2.,,#625715-1 1646 Main 1 - Ignitor 5 1/4Lds x2.,70.25,0,625715-1,Brevin Automobile Parts Co,Brevin Automobile Parts Co,Brevin Automobile Parts Co,16,0,,,1646 West Main Street,Bill
62614345,1,10/28/2025,#625717-1 1757 NORTH Main - T/COUPLE x2.,,#625717-1 1757 NORTH Main - T/COUPLE x2.,36.43,0,625717-1,Brevin Automobile Parts Co,Brevin Automobile Parts Co,Brevin Automobile Parts Co,16,0,,,1757 West North Main Avenue,Bill
62614346,1,10/28/2025,#625719-1 3840 Main - 120-150F AUTO Li x1.,,#625719-1 3840 Main - 120-150F AUTO Li x1.,69.72,0,625719-1,Brevin Automobile Parts Co,Brevin Automobile Parts Co,Brevin Automobile Parts Co,16,0,,,3840 North Main Street,Bill
62620528,8,10/29/2025,Multiple bills,,#625715-1 1646 Main 1 - Ignitor 5 1/4Lds x2.,-70.25,0,625715-1,Brevin Automobile Parts Co,Brevin Automobile Parts Co,Brevin Automobile Parts Co,16,0,,,1646 West Main Street,EFT
62620528,8,10/29/2025,Multiple bills,,#625719-1 3840 Main - 120-150F AUTO Li x1.,-69.72,0,625719-1,Brevin Automobile Parts Co,Brevin Automobile Parts Co,Brevin Automobile Parts Co,16,0,,,3840 North Main Street,EFT
62620533,8,10/29/2025,625717-1 - #625717-1 1757 NORTH Main - T/COUPLE x2.,,#625717-1 1757 NORTH Main - T/COUPLE x2.,-36.43,0,625717-1,Brevin Automobile Parts Co,Brevin Automobile Parts Co,Brevin Automobile Parts Co,16,0,,,1757 West North Main Avenue,EFT
62711833,1,11/4/2025,#625993-1 1757 NORTH Main - Gas regulator and valve.,,#625993-1 1757 NORTH Main - Gas regulator and valve.,342.87,0,625993-1,Brevin Automobile Parts Co,Brevin Automobile Parts Co,Brevin Automobile Parts Co,16,0,,,1757 West North Main Avenue,Bill
62711835,1,11/4/2025,#626271-1 3249 Main - Furnace control board x1.,,#626271-1 3249 Main - Furnace control board x1.,315.26,0,626271-1,Brevin Automobile Parts Co,Brevin Automobile Parts Co,Brevin Automobile Parts Co,16,0,,,3249 North Main Avenue,Bill
62711836,1,11/4/2025,#626325-1 3249 Main - Replacement parts for Rheem x1.,,#626325-1 3249 Main - Replacement parts for Rheem x1.,43.99,0,626325-1,Brevin Automobile Parts Co,Brevin Automobile Parts Co,Brevin Automobile Parts Co,16,0,,,3249 North Main Avenue,Bill
62712896,8,11/4/2025,"624350-1 - #624350-1 4922 Main 1 - ERPER316543907 x1, RBT41-205 x1, OVEN CONTROL x1 and MOTOR x1.",,"#624350-1 4922 Main 1 - ERPER316543907 x1, RBT41-205 x1, OVEN CONTROL x1 and MOTOR x1.",-181.52,0,624350-1,Brevin Automobile Parts Co,Brevin Automobile Parts Co,Brevin Automobile Parts Co,16,0,,,4922 N. Main Ave.,EFT
62712901,8,11/4/2025,Multiple bills,,#626325-1 3249 Main - Replacement parts for Rheem x1.,-43.99,0,626325-1,Brevin Automobile Parts Co,Brevin Automobile Parts Co,Brevin Automobile Parts Co,16,0,,,3249 North Main Avenue,EFT
62712901,8,11/4/2025,Multiple bills,,#626271-1 3249 Main - Furnace control board x1.,-315.26,0,626271-1,Brevin Automobile Parts Co,Brevin Automobile Parts Co,Brevin Automobile Parts Co,16,0,,,3249 North Main Avenue,EFT
62712910,8,11/4/2025,625993-1 - #625993-1 1757 NORTH Main - Gas regulator and valve.,,#625993-1 1757 NORTH Main - Gas regulator and valve.,-342.87,0,625993-1,Brevin Automobile Parts Co,Brevin Automobile Parts Co,Brevin Automobile Parts Co,16,0,,,1757 West North Main Avenue,EFT
62793187,1,11/18/2025,#627162-1 1023 Main - WATER VALVE x1.,,#627162-1 1023 Main - WATER VALVE x1.,38.57,0,627162-1,Brevin Automobile Parts Co,Brevin Automobile Parts Co,Brevin Automobile Parts Co,16,0,,,1023 N. Main Ave.,EFT
62793188,1,11/18/2025,#627165-1 1449 Main - Furnace Burner Flame Sensor Rod for Rheem x1.,,#627165-1 1449 Main - Furnace Burner Flame Sensor Rod for Rheem x1.,26.4,0,627165-1,Brevin Automobile Parts Co,Brevin Automobile Parts Co,Brevin Automobile Parts Co,16,0,,,1449 Main Avenue,EFT
62793189,1,11/18/2025,#626996-1 1922 Main 1R - IGNITOR x1.,,#626996-1 1922 Main 1R - IGNITOR x1.,45.64,0,626996-1,Brevin Automobile Parts Co,Brevin Automobile Parts Co,Brevin Automobile Parts Co,16,0,,,1922 South Main Street,EFT
62793190,1,11/18/2025,#627209-1 1922 Main - IGNITOR x1.,,#627209-1 1922 Main - IGNITOR x1.,45.64,0,627209-1,Brevin Automobile Parts Co,Brevin Automobile Parts Co,Brevin Automobile Parts Co,16,0,,,1922 South Main Street,EFT
62793192,1,11/18/2025,#626875-1 1943 Main - Ignitor 5 1/4 Lds x2.,,#626875-1 1943 Main - Ignitor 5 1/4 Lds x2.,70.25,0,626875-1,Brevin Automobile Parts Co,Brevin Automobile Parts Co,Brevin Automobile Parts Co,16,0,,,1943 West Main Avenue,EFT
62793193,1,11/18/2025,#626871-1 2938 Main - SENSOR x2.,,#626871-1 2938 Main - SENSOR x2.,34.33,0,626871-1,Brevin Automobile Parts Co,Brevin Automobile Parts Co,Brevin Automobile Parts Co,16,0,,,2938 North Main Avenue,Check 1295
62793194,1,11/18/2025,"#627167-1 3249 Main - Flame sensor, Ignitor Kit.",,"#627167-1 3249 Main - Flame sensor, Ignitor Kit.",80.64,0,627167-1,Brevin Automobile Parts Co,Brevin Automobile Parts Co,Brevin Automobile Parts Co,16,0,,,3249 North Main Avenue,Check 133
62793195,1,11/18/2025,#626870-1 3734 Main - Furnace Burner Flame Sensor Rod for Rheem x2.,,#626870-1 3734 Main - Furnace Burner Flame Sensor Rod for Rheem x2.,52.81,0,626870-1,Brevin Automobile Parts Co,Brevin Automobile Parts Co,Brevin Automobile Parts Co,16,0,,,3734 W Main Ave,EFT
62793196,1,11/18/2025,"#627164-1 3818 Main PARK - Furnace parts, ignitor and flame sensor.",,"#627164-1 3818 Main PARK - Furnace parts, ignitor and flame sensor.",205.81,0,627164,Brevin Automobile Parts Co,Brevin Automobile Parts Co,Brevin Automobile Parts Co,16,0,,,3816 West Main Park Road,EFT
62793487,8,11/18/2025,627162-1 - #627162-1 1023 Main - WATER VALVE x1.,,#627162-1 1023 Main - WATER VALVE x1.,-38.57,0,627162-1,Brevin Automobile Parts Co,Brevin Automobile Parts Co,Brevin Automobile Parts Co,16,0,,,1023 N. Main Ave.,Bill
62793490,8,11/18/2025,Multiple bills,,#626996-1 1922 Main 1R - IGNITOR x1.,-45.64,0,626996-1,Brevin Automobile Parts Co,Brevin Automobile Parts Co,Brevin Automobile Parts Co,16,0,,,1922 South Main Street,Bill
62793490,8,11/18/2025,Multiple bills,,#627209-1 1922 Main - IGNITOR x1.,-45.64,0,627209-1,Brevin Automobile Parts Co,Brevin Automobile Parts Co,Brevin Automobile Parts Co,16,0,,,1922 South Main Street,Bill
62793491,8,11/18/2025,626870-1 - #626870-1 3734 Main - Furnace Burner Flame Sensor Rod for Rheem x2.,,#626870-1 3734 Main - Furnace Burner Flame Sensor Rod for Rheem x2.,-52.81,0,626870-1,Brevin Automobile Parts Co,Brevin Automobile Parts Co,Brevin Automobile Parts Co,16,0,,,3734 W Main Ave,Bill
62793492,8,11/18/2025,"627167-1 - #627167-1 3249 Main - Flame sensor, Ignitor Kit.",,"#627167-1 3249 Main - Flame sensor, Ignitor Kit.",-80.64,0,627167-1,Brevin Automobile Parts Co,Brevin Automobile Parts Co,Brevin Automobile Parts Co,16,0,,,3249 North Main Avenue,Bill
62793493,8,11/18/2025,627165-1 - #627165-1 1449 Main - Furnace Burner Flame Sensor Rod for Rheem x1.,,#627165-1 1449 Main - Furnace Burner Flame Sensor Rod for Rheem x1.,-26.4,0,627165-1,Brevin Automobile Parts Co,Brevin Automobile Parts Co,Brevin Automobile Parts Co,16,0,,,1449 Main Avenue,Bill
62793495,8,11/18/2025,Multiple bills,,#626875-1 1943 Main - Ignitor 5 1/4 Lds x2.,-70.25,0,626875-1,Brevin Automobile Parts Co,Brevin Automobile Parts Co,Brevin Automobile Parts Co,16,0,,,1943 West Main Avenue,Bill
62793495,8,11/18/2025,Multiple bills,,#626871-1 2938 Main - SENSOR x2.,-34.33,0,626871-1,Brevin Automobile Parts Co,Brevin Automobile Parts Co,Brevin Automobile Parts Co,16,0,,,2938 North Main Avenue,EFT
62793497,8,11/18/2025,"627164 - #627164-1 3818 Main PARK - Furnace parts, ignitor and flame sensor.",,"#627164-1 3818 Main PARK - Furnace parts, ignitor and flame sensor.",-205.81,0,627164,Brevin Automobile Parts Co,Brevin Automobile Parts Co,Brevin Automobile Parts Co,16,0,,,3816 West Main Park Road,EFT
62831204,1,11/24/2025,#627743-1 3734 Main 2 - SEAL LOWER x1 and SEAL x1.,,#627743-1 3734 Main 2 - SEAL LOWER x1 and SEAL x1.,30.45,0,627743-1,Brevin Automobile Parts Co,Brevin Automobile Parts Co,Brevin Automobile Parts Co,16,0,,,3734 W Main Ave,EFT
62831402,8,11/25/2025,627743-1 - #627743-1 3734 Main 2 - SEAL LOWER x1 and SEAL x1.,,#627743-1 3734 Main 2 - SEAL LOWER x1 and SEAL x1.,-30.45,0,627743-1,Brevin Automobile Parts Co,Brevin Automobile Parts Co,Brevin Automobile Parts Co,16,0,,,3734 W Main Ave,Bill
63009529,1,12/8/2025,"#628282-1 1023 Main - MOTOR x1, SRS W1071239 x2 and STOP x2.",,"#628282-1 1023 Main - MOTOR x1, SRS W1071239 x2 and STOP x2.",309.48,0,628282-1,Brevin Automobile Parts Co,Brevin Automobile Parts Co,Brevin Automobile Parts Co,16,0,,,1023 N. Main Ave.,Bill
63009530,1,12/8/2025,#628283-1 4856 Main - ERPER285811 x2.,,#628283-1 4856 Main - ERPER285811 x2.,26.42,0,628283-1,Brevin Automobile Parts Co,Brevin Automobile Parts Co,Brevin Automobile Parts Co,16,0,,,4856 N Main Ave,Bill
63009531,1,12/8/2025,#628284-1 3104 Main - WALL x2.,,#628284-1 3104 Main - WALL x2.,76.56,0,628284-1,Brevin Automobile Parts Co,Brevin Automobile Parts Co,Brevin Automobile Parts Co,16,0,,,3104 North Main Ave.,Bill
63009808,8,12/9/2025,"628282-1 - #628282-1 1023 Main - MOTOR x1, SRS W1071239 x2 and STOP x2.",,"#628282-1 1023 Main - MOTOR x1, SRS W1071239 x2 and STOP x2.",-309.48,0,628282-1,Brevin Automobile Parts Co,Brevin Automobile Parts Co,Brevin Automobile Parts Co,16,0,,,1023 N. Main Ave.,EFT
63009827,8,12/9/2025,628284-1 - #628284-1 3104 Main - WALL x2.,,#628284-1 3104 Main - WALL x2.,-76.56,0,628284-1,Brevin Automobile Parts Co,Brevin Automobile Parts Co,Brevin Automobile Parts Co,16,0,,,3104 North Main Ave.,EFT
63009829,8,12/9/2025,628283-1 - #628283-1 4856 Main - ERPER285811 x2.,,#628283-1 4856 Main - ERPER285811 x2.,-26.42,0,628283-1,Brevin Automobile Parts Co,Brevin Automobile Parts Co,Brevin Automobile Parts Co,16,0,,,4856 N Main Ave,EFT
63048052,1,12/15/2025,#628585-1 2513 Main 2N - FV Sensor Kit x1.,,#628585-1 2513 Main 2N - FV Sensor Kit x1.,59.03,0,628585-1,Brevin Automobile Parts Co,Brevin Automobile Parts Co,Brevin Automobile Parts Co,16,0,,,2513 North Main Street,Bill
63048053,1,12/15/2025,#628582-1 3736 Main - 2 Stage High Pre x1 and AirPressureSwitc WALL x1.,,#628582-1 3736 Main - 2 Stage High Pre x1 and AirPressureSwitc WALL x1.,192.65,0,628582-1,Brevin Automobile Parts Co,Brevin Automobile Parts Co,Brevin Automobile Parts Co,16,0,,,3734 W Main Ave,Bill
63048054,1,12/15/2025,#628583-1 4856 Main - ERPER285811 x1.,,#628583-1 4856 Main - ERPER285811 x1.,13.21,0,628583-1,Brevin Automobile Parts Co,Brevin Automobile Parts Co,Brevin Automobile Parts Co,16,0,,,4856 N Main Ave,Bill
63048055,1,12/15/2025,#628847-1 815 Main - T/COUPLE x1 and RBT1980-024 x1.,,#628847-1 815 Main - T/COUPLE x1 and RBT1980-024 x1.,31.39,0,628847-1,Brevin Automobile Parts Co,Brevin Automobile Parts Co,Brevin Automobile Parts Co,16,0,,,815 North Main Avenue,Bill
63048056,1,12/15/2025,#628846-1 3736 Main - SiliconNitrideIg x1.,,#628846-1 3736 Main - SiliconNitrideIg x1.,101.94,0,628846-1,Brevin Automobile Parts Co,Brevin Automobile Parts Co,Brevin Automobile Parts Co,16,0,,,3734 W Main Ave,Bill
63048683,8,12/16/2025,628585-1 - #628585-1 2513 Main 2N - FV Sensor Kit x1.,,#628585-1 2513 Main 2N - FV Sensor Kit x1.,-59.03,0,628585-1,Brevin Automobile Parts Co,Brevin Automobile Parts Co,Brevin Automobile Parts Co,16,0,,,2513 North Main Street,EFT
63048685,8,12/16/2025,628583-1 - #628583-1 4856 Main - ERPER285811 x1.,,#628583-1 4856 Main - ERPER285811 x1.,-13.21,0,628583-1,Brevin Automobile Parts Co,Brevin Automobile Parts Co,Brevin Automobile Parts Co,16,0,,,4856 N Main Ave,EFT
63048686,8,12/16/2025,628847-1 - #628847-1 815 Main - T/COUPLE x1 and RBT1980-024 x1.,,#628847-1 815 Main - T/COUPLE x1 and RBT1980-024 x1.,-31.39,0,628847-1,Brevin Automobile Parts Co,Brevin Automobile Parts Co,Brevin Automobile Parts Co,16,0,,,815 North Main Avenue,EFT
63098040,1,12/22/2025,"#629346-1 935 Main - FLAME SENSOR x1, BURNER BRACKET x1 .",,"#629346-1 935 Main - FLAME SENSOR x1, BURNER BRACKET x1 .",181.48,0,629346-1,Brevin Automobile Parts Co,Brevin Automobile Parts Co,Brevin Automobile Parts Co,16,0,,,935 W. Main,EFT
63098041,1,12/22/2025,#629363-1 935 Main - Electrode Ignitor x1.,,#629363-1 935 Main - Electrode Ignitor x1.,81.85,0,629363-1,Brevin Automobile Parts Co,Brevin Automobile Parts Co,Brevin Automobile Parts Co,16,0,,,935 W. Main,Bill
63098042,1,12/22/2025,#629344-1 3736 Main - SiliconNitrideIg x1.,,#629344-1 3736 Main - SiliconNitrideIg x1.,111.6,0,629344-1,Brevin Automobile Parts Co,Brevin Automobile Parts Co,Brevin Automobile Parts Co,16,0,,,3734 W Main Ave,Bill
63098043,1,12/22/2025,#629343-1 3746 Main - ER69W43 x2.,,#629343-1 3746 Main - ER69W43 x2.,51.86,0,629343-1,Brevin Automobile Parts Co,Brevin Automobile Parts Co,Brevin Automobile Parts Co,16,0,,,3746 West Main Avenue,Bill
63098044,1,12/22/2025,#629345-1 4324 Main - DirectIgnition1 x1 and DirIgn1/2SlowOpe x1.,,#629345-1 4324 Main - DirectIgnition1 x1 and DirIgn1/2SlowOpe x1.,406.97,0,629345-1,Brevin Automobile Parts Co,Brevin Automobile Parts Co,Brevin Automobile Parts Co,16,0,,,4322 North Main Avenue,Bill
63135250,8,12/29/2025,Multiple bills,,#629363-1 935 Main - Electrode Ignitor x1.,-81.85,0,629363-1,Brevin Automobile Parts Co,Brevin Automobile Parts Co,Brevin Automobile Parts Co,16,0,,,935 W. Main,Bill
63135250,8,12/29/2025,Multiple bills,,"#629346-1 935 Main - FLAME SENSOR x1, BURNER BRACKET x1 .",-181.48,0,629346-1,Brevin Automobile Parts Co,Brevin Automobile Parts Co,Brevin Automobile Parts Co,16,0,,,935 W. Main,Bill
63135272,8,12/29/2025,629343-1 - #629343-1 3746 Main - ER69W43 x2.,,#629343-1 3746 Main - ER69W43 x2.,-51.86,0,629343-1,Brevin Automobile Parts Co,Brevin Automobile Parts Co,Brevin Automobile Parts Co,16,0,,,3746 West Main Avenue,Bill
63135285,8,12/29/2025,629345-1 - #629345-1 4324 Main - DirectIgnition1 x1 and DirIgn1/2SlowOpe x1.,,#629345-1 4324 Main - DirectIgnition1 x1 and DirIgn1/2SlowOpe x1.,-406.97,0,629345-1,Brevin Automobile Parts Co,Brevin Automobile Parts Co,Brevin Automobile Parts Co,16,0,,,4322 North Main Avenue,Bill
63242866,1,1/5/2026,#629496-1 3734 Main - 120V-PRI 24V-SEC x1 and BOARD PK x1.,,#629496-1 3734 Main - 120V-PRI 24V-SEC x1 and BOARD PK x1.,64.5,0,629496-1,Brevin Automobile Parts Co,Brevin Automobile Parts Co,Brevin Automobile Parts Co,16,0,,,3734 W Main Ave,Bill
63242867,1,1/5/2026,#629752-1 3734 Main - OVEN CONTROL x1 and RBT41-205 x2.,,#629752-1 3734 Main - OVEN CONTROL x1 and RBT41-205 x2.,178.92,0,629752-1,Brevin Automobile Parts Co,Brevin Automobile Parts Co,Brevin Automobile Parts Co,16,0,,,3734 W Main Ave,Bill
63242868,1,1/5/2026,#630042-1 2200 Main - FLAME SENSOR x2.,,#630042-1 2200 Main - FLAME SENSOR x2.,92.43,0,630042-1,Brevin Automobile Parts Co,Brevin Automobile Parts Co,Brevin Automobile Parts Co,16,0,,,2200 West Main Avenue,Bill
63242869,1,1/5/2026,#630043-1 3104 Main - WALL STOP x2.,,#630043-1 3104 Main - WALL STOP x2.,52.81,0,630043-1,Brevin Automobile Parts Co,Brevin Automobile Parts Co,Brevin Automobile Parts Co,16,0,,,3104 North Main Ave.,Bill
63243847,8,1/6/2026,Multiple bills,,#630042-1 2200 Main - FLAME SENSOR x2.,-92.43,0,630042-1,Brevin Automobile Parts Co,Brevin Automobile Parts Co,Brevin Automobile Parts Co,16,0,,,2200 West Main Avenue,EFT
63243847,8,1/6/2026,Multiple bills,,#630043-1 3104 Main - WALL STOP x2.,-52.81,0,630043-1,Brevin Automobile Parts Co,Brevin Automobile Parts Co,Brevin Automobile Parts Co,16,0,,,3104 North Main Ave.,EFT
63243871,8,1/6/2026,Multiple bills,,#628846-1 3736 Main - SiliconNitrideIg x1.,-101.94,0,628846-1,Brevin Automobile Parts Co,Brevin Automobile Parts Co,Brevin Automobile Parts Co,16,0,,,3734 W Main Ave,EFT
63243871,8,1/6/2026,Multiple bills,,#628582-1 3736 Main - 2 Stage High Pre x1 and AirPressureSwitc WALL x1.,-192.65,0,628582-1,Brevin Automobile Parts Co,Brevin Automobile Parts Co,Brevin Automobile Parts Co,16,0,,,3734 W Main Ave,EFT
63243871,8,1/6/2026,Multiple bills,,#629344-1 3736 Main - SiliconNitrideIg x1.,-111.6,0,629344-1,Brevin Automobile Parts Co,Brevin Automobile Parts Co,Brevin Automobile Parts Co,16,0,,,3734 W Main Ave,EFT
63243871,8,1/6/2026,Multiple bills,,#629496-1 3734 Main - 120V-PRI 24V-SEC x1 and BOARD PK x1.,-64.5,0,629496-1,Brevin Automobile Parts Co,Brevin Automobile Parts Co,Brevin Automobile Parts Co,16,0,,,3734 W Main Ave,EFT
63243871,8,1/6/2026,Multiple bills,,#629752-1 3734 Main - OVEN CONTROL x1 and RBT41-205 x2.,-178.92,0,629752-1,Brevin Automobile Parts Co,Brevin Automobile Parts Co,Brevin Automobile Parts Co,16,0,,,3734 W Main Ave,EFT
63287472,1,1/12/2026,#630491-1 1458 Main - IGNITOR x2.,,#630491-1 1458 Main - IGNITOR x2.,91.29,0,630491-1,Brevin Automobile Parts Co,Brevin Automobile Parts Co,Brevin Automobile Parts Co,16,0,,,1458 West Main Avenue,EFT
63292459,8,1/14/2026,630491-1 - #630491-1 1458 Main - IGNITOR x2.,,#630491-1 1458 Main - IGNITOR x2.,-91.29,0,630491-1,Brevin Automobile Parts Co,Brevin Automobile Parts Co,Brevin Automobile Parts Co,16,0,,,1458 West Main Avenue,Bill
63328581,1,1/20/2026,#631182-1 3746 Main - Flame Sensor x1.,,#631182-1 3746 Main - Flame Sensor x1.,103.3,0,631182-1,Brevin Automobile Parts Co,Brevin Automobile Parts Co,Brevin Automobile Parts Co,16,0,,,3746 West Main Avenue,Bill
63328583,1,1/20/2026,#631181-1 4500 Main - Flame Sensor x2.,,#631181-1 4500 Main - Flame Sensor x2.,106.5,0,631181-1,Brevin Automobile Parts Co,Brevin Automobile Parts Co,Brevin Automobile Parts Co,16,0,,,4500 W Main Ave,Bill
63329649,8,1/21/2026,631181-1 - #631181-1 4500 Main - Flame Sensor x2.,,#631181-1 4500 Main - Flame Sensor x2.,-106.5,0,631181-1,Brevin Automobile Parts Co,Brevin Automobile Parts Co,Brevin Automobile Parts Co,16,0,,,4500 W Main Ave,EFT
63329656,8,1/21/2026,631182-1 - #631182-1 3746 Main - Flame Sensor x1.,,#631182-1 3746 Main - Flame Sensor x1.,-103.3,0,631182-1,Brevin Automobile Parts Co,Brevin Automobile Parts Co,Brevin Automobile Parts Co,16,0,,,3746 West Main Avenue,EFT
62614355,1,10/28/2025,#1285 1826 Main BLDG - Carpet cleaning.,,#1285 1826 Main BLDG - Carpet cleaning.,100,0,1285,Family Homes Repair and Maintenance Corp,Family Homes Repair and Maintenance Corp,Family Homes Repair and Maintenance Corp,16,0,,,1824 North Main Avenue,Bill
62614357,1,10/28/2025,#1282 2048 Main 1R - Ceiling repair.,,#1282 2048 Main 1R - Ceiling repair.,550,0,#1282,Family Homes Repair and Maintenance Corp,Family Homes Repair and Maintenance Corp,Family Homes Repair and Maintenance Corp,16,0,,,2048 North Main Avenue,Bill
62614359,1,10/28/2025,#1276 3743 Main CH2 - Turnover painted and cleaned.,,#1276 3743 Main CH2 - Turnover painted and cleaned.,1575,0,1276,Family Homes Repair and Maintenance Corp,Family Homes Repair and Maintenance Corp,Family Homes Repair and Maintenance Corp,16,0,,,3743 W. Main,Bill
62614361,1,10/28/2025,#1272 2807 Main 2N - Turnover painted and cleaned.,,#1272 2807 Main 2N - Turnover painted and cleaned.,1925,0,1272,Family Homes Repair and Maintenance Corp,Family Homes Repair and Maintenance Corp,Family Homes Repair and Maintenance Corp,16,0,,,3856 W. Main Ave,Bill
62614363,1,10/28/2025,#1286 1630 Main CH - Water damage repair.,,#1286 1630 Main CH - Water damage repair.,860,0,1286,Family Homes Repair and Maintenance Corp,Family Homes Repair and Maintenance Corp,Family Homes Repair and Maintenance Corp,16,0,,,1630 West Main Avenue,Bill
62614365,1,10/28/2025,#1287 915 Main 1R - Turnover painted and cleaned.,,#1287 915 Main 1R - Turnover painted and cleaned.,1250,0,1287,Family Homes Repair and Maintenance Corp,Family Homes Repair and Maintenance Corp,Family Homes Repair and Maintenance Corp,16,0,,,915 West Main Street,Bill
62620500,8,10/29/2025,Multiple bills,,#1286 1630 Main CH - Water damage repair.,-860,0,1286,Family Homes Repair and Maintenance Corp,Family Homes Repair and Maintenance Corp,Family Homes Repair and Maintenance Corp,16,0,,,1630 West Main Avenue,Bill
62620500,8,10/29/2025,Multiple bills,,#1282 2048 Main 1R - Ceiling repair.,-550,0,#1282,Family Homes Repair and Maintenance Corp,Family Homes Repair and Maintenance Corp,Family Homes Repair and Maintenance Corp,16,0,,,2048 North Main Avenue,Bill
62620500,8,10/29/2025,Multiple bills,,#1272 2807 Main 2N - Turnover painted and cleaned.,-1925,0,1272,Family Homes Repair and Maintenance Corp,Family Homes Repair and Maintenance Corp,Family Homes Repair and Maintenance Corp,16,0,,,3856 W. Main Ave,Bill
62620500,8,10/29/2025,Multiple bills,,#1287 915 Main 1R - Turnover painted and cleaned.,-1250,0,1287,Family Homes Repair and Maintenance Corp,Family Homes Repair and Maintenance Corp,Family Homes Repair and Maintenance Corp,16,0,,,915 West Main Street,Bill
62620504,8,10/29/2025,1276 - #1276 3743 Main CH2 - Turnover painted and cleaned.,,#1276 3743 Main CH2 - Turnover painted and cleaned.,-1575,0,1276,Family Homes Repair and Maintenance Corp,Family Homes Repair and Maintenance Corp,Family Homes Repair and Maintenance Corp,16,0,,,3743 W. Main,EFT
62620511,8,10/29/2025,1285 - #1285 1826 Main BLDG - Carpet cleaning.,,#1285 1826 Main BLDG - Carpet cleaning.,-100,0,1285,Family Homes Repair and Maintenance Corp,Family Homes Repair and Maintenance Corp,Family Homes Repair and Maintenance Corp,16,0,,,1824 North Main Avenue,EFT
62711869,1,11/4/2025,#1284 1826 Main 2FN - Turnover painted and cleaned.,,#1284 1826 Main 2FN - Turnover painted and cleaned.,2625,0,1284,Family Homes Repair and Maintenance Corp,Family Homes Repair and Maintenance Corp,Family Homes Repair and Maintenance Corp,16,0,,,1824 North Main Avenue,Bill
62712876,8,11/4/2025,1284 - #1284 1826 Main 2FN - Turnover painted and cleaned.,,#1284 1826 Main 2FN - Turnover painted and cleaned.,-2625,0,1284,Family Homes Repair and Maintenance Corp,Family Homes Repair and Maintenance Corp,Family Homes Repair and Maintenance Corp,16,0,,,1824 North Main Avenue,EFT
62760020,1,11/11/2025,#1295 4808 Main 3 - Turnover painted and cleaned.,,#1295 4808 Main 3 - Turnover painted and cleaned.,950,0,1295,Family Homes Repair and Maintenance Corp,Family Homes Repair and Maintenance Corp,Family Homes Repair and Maintenance Corp,16,0,,,3734 W Main Ave,EFT
62760021,1,11/11/2025,#1288 4504 Main 2 - Turnover painted and cleaned.,,#1288 4504 Main 2 - Turnover painted and cleaned.,1800,0,1288,Family Homes Repair and Maintenance Corp,Family Homes Repair and Maintenance Corp,Family Homes Repair and Maintenance Corp,16,0,,,4500 W Main Ave,EFT
62760032,1,11/11/2025,#1292 2129 Main BLDG - Hallway drywall repair.,,#1292 2129 Main BLDG - Hallway drywall repair.,1500,0,1292,Family Homes Repair and Maintenance Corp,Family Homes Repair and Maintenance Corp,Family Homes Repair and Maintenance Corp,16,0,,,2129 North Main Avenue,Bill
62760034,1,11/11/2025,#1296 3238 Main 2 - Couch disposal.,,#1296 3238 Main 2 - Couch disposal.,150,0,1296,Family Homes Repair and Maintenance Corp,Family Homes Repair and Maintenance Corp,Family Homes Repair and Maintenance Corp,16,0,,,3238 North Main Street,Bill
62760040,1,11/11/2025,#1261 1509 Main 2N - Sanded floor and varnished.,,#1261 1509 Main 2N - Sanded floor and varnished.,875,0,1261,Family Homes Repair and Maintenance Corp,Family Homes Repair and Maintenance Corp,Family Homes Repair and Maintenance Corp,16,0,,,1507 West Main Avenue,Bill
62760042,1,11/11/2025,#1283 1807 Main GARDEN - Drywall and mold repair.,,#1283 1807 Main GARDEN - Drywall and mold repair.,680,0,1283,Family Homes Repair and Maintenance Corp,Family Homes Repair and Maintenance Corp,Family Homes Repair and Maintenance Corp,16,0,,,1807 North Main Avenue,Bill
62760044,1,11/11/2025,#1290 2316 Main 2R - Repaired ceiling water damage.,,#1290 2316 Main 2R - Repaired ceiling water damage.,680,0,1290,Family Homes Repair and Maintenance Corp,Family Homes Repair and Maintenance Corp,Family Homes Repair and Maintenance Corp,16,0,,,2316 West Main Street,Bill
62760046,1,11/11/2025,#1294 2342 Main 2 - Ceiling repair.,,#1294 2342 Main 2 - Ceiling repair.,700,0,1294,Family Homes Repair and Maintenance Corp,Family Homes Repair and Maintenance Corp,Family Homes Repair and Maintenance Corp,16,0,,,2342 N. Main Terrace,Bill
62760048,1,11/11/2025,#1289 2616 Main 2 - Access panel installation.,,#1289 2616 Main 2 - Access panel installation.,80,0,1289,Family Homes Repair and Maintenance Corp,Family Homes Repair and Maintenance Corp,Family Homes Repair and Maintenance Corp,16,0,,,2616 West Main,Bill
62760060,1,11/11/2025,#1293 1404 Main 2 - Turnover painted and cleaned.,,#1293 1404 Main 2 - Turnover painted and cleaned.,1900,0,1293,Family Homes Repair and Maintenance Corp,Family Homes Repair and Maintenance Corp,Family Homes Repair and Maintenance Corp,16,0,,,1404 N. Main,Bill
62763476,8,11/12/2025,Multiple bills,,#1261 1509 Main 2N - Sanded floor and varnished.,-875,0,1261,Family Homes Repair and Maintenance Corp,Family Homes Repair and Maintenance Corp,Family Homes Repair and Maintenance Corp,16,0,,,1507 West Main Avenue,Bill
62763476,8,11/12/2025,Multiple bills,,#1292 2129 Main BLDG - Hallway drywall repair.,-1500,0,1292,Family Homes Repair and Maintenance Corp,Family Homes Repair and Maintenance Corp,Family Homes Repair and Maintenance Corp,16,0,,,2129 North Main Avenue,Bill
62763476,8,11/12/2025,Multiple bills,,#1294 2342 Main 2 - Ceiling repair.,-700,0,1294,Family Homes Repair and Maintenance Corp,Family Homes Repair and Maintenance Corp,Family Homes Repair and Maintenance Corp,16,0,,,2342 N. Main Terrace,Bill
62763476,8,11/12/2025,Multiple bills,,#1289 2616 Main 2 - Access panel installation.,-80,0,1289,Family Homes Repair and Maintenance Corp,Family Homes Repair and Maintenance Corp,Family Homes Repair and Maintenance Corp,16,0,,,2616 West Main,Bill
62763481,8,11/12/2025,Multiple bills,,#1293 1404 Main 2 - Turnover painted and cleaned.,-1900,0,1293,Family Homes Repair and Maintenance Corp,Family Homes Repair and Maintenance Corp,Family Homes Repair and Maintenance Corp,16,0,,,1404 N. Main,Bill
62763481,8,11/12/2025,Multiple bills,,#1290 2316 Main 2R - Repaired ceiling water damage.,-680,0,1290,Family Homes Repair and Maintenance Corp,Family Homes Repair and Maintenance Corp,Family Homes Repair and Maintenance Corp,16,0,,,2316 West Main Street,Bill
62763487,8,11/12/2025,1295 - #1295 4808 Main 3 - Turnover painted and cleaned.,,#1295 4808 Main 3 - Turnover painted and cleaned.,-950,0,1295,Family Homes Repair and Maintenance Corp,Family Homes Repair and Maintenance Corp,Family Homes Repair and Maintenance Corp,16,0,,,3734 W Main Ave,Bill
62763488,8,11/12/2025,1288 - #1288 4504 Main 2 - Turnover painted and cleaned.,,#1288 4504 Main 2 - Turnover painted and cleaned.,-1800,0,1288,Family Homes Repair and Maintenance Corp,Family Homes Repair and Maintenance Corp,Family Homes Repair and Maintenance Corp,16,0,,,4500 W Main Ave,Bill
62763494,8,11/12/2025,Multiple bills,,#1283 1807 Main GARDEN - Drywall and mold repair.,-680,0,1283,Family Homes Repair and Maintenance Corp,Family Homes Repair and Maintenance Corp,Family Homes Repair and Maintenance Corp,16,0,,,1807 North Main Avenue,EFT
62763494,8,11/12/2025,Multiple bills,,#1296 3238 Main 2 - Couch disposal.,-150,0,1296,Family Homes Repair and Maintenance Corp,Family Homes Repair and Maintenance Corp,Family Homes Repair and Maintenance Corp,16,0,,,3238 North Main Street,EFT
62793238,1,11/18/2025,"#1297 1646 Main 1 - Turnover cleaned, repaired water damage in both bathrooms and junk removal.",,"#1297 1646 Main 1 - Turnover cleaned, repaired water damage in both bathrooms and junk removal.",935,0,1297,Family Homes Repair and Maintenance Corp,Family Homes Repair and Maintenance Corp,Family Homes Repair and Maintenance Corp,16,0,,,1646 West Main Street,Bill
62793455,8,11/18/2025,"1297 - #1297 1646 Main 1 - Turnover cleaned, repaired water damage in both bathrooms and junk removal.",,"#1297 1646 Main 1 - Turnover cleaned, repaired water damage in both bathrooms and junk removal.",-935,0,1297,Family Homes Repair and Maintenance Corp,Family Homes Repair and Maintenance Corp,Family Homes Repair and Maintenance Corp,16,0,,,1646 West Main Street,Bill
62831207,1,11/24/2025,"#1302 832 Main A & B- Removed drywall, primed, and painted for unit B. Repairing all water damage ceiling for unit A.",,"#1302 832 Main A & B- Removed drywall, primed, and painted for unit B. Repairing all water damage ceiling for unit A.",1800,0,1302,Family Homes Repair and Maintenance Corp,Family Homes Repair and Maintenance Corp,Family Homes Repair and Maintenance Corp,16,0,,,832 S. Main St.,EFT
62831209,1,11/24/2025,#1305 1849 Main 1 - Drywall repair.,,#1305 1849 Main 1 - Drywall repair.,1800,0,1305,Family Homes Repair and Maintenance Corp,Family Homes Repair and Maintenance Corp,Family Homes Repair and Maintenance Corp,16,0,,,959 North Main Avenue,EFT
62831217,1,11/24/2025,#1300 1414 Main 4F - Drywall repair.,,#1300 1414 Main 4F - Drywall repair.,800,0,1300,Family Homes Repair and Maintenance Corp,Family Homes Repair and Maintenance Corp,Family Homes Repair and Maintenance Corp,16,0,,,1414 North Main Street,Check 1298
62831219,1,11/24/2025,#1299 1826 Main - Bedroom ceiling repair.,,#1299 1826 Main - Bedroom ceiling repair.,275,0,1299,Family Homes Repair and Maintenance Corp,Family Homes Repair and Maintenance Corp,Family Homes Repair and Maintenance Corp,16,0,,,1824 North Main Avenue,EFT
62831221,1,11/24/2025,#1303 659 Main 2 - Ceiling repair.,,#1303 659 Main 2 - Ceiling repair.,375,0,1303,Family Homes Repair and Maintenance Corp,Family Homes Repair and Maintenance Corp,Family Homes Repair and Maintenance Corp,16,0,,,655 West Main Avenue,Bill
62831223,1,11/24/2025,#1304 5627 Main 3 - Repairs on entry wall ceiling and install 3 shelves in laundry room closet.,,#1304 5627 Main 3 - Repairs on entry wall ceiling and install 3 shelves in laundry room closet.,625,0,1304,Family Homes Repair and Maintenance Corp,Family Homes Repair and Maintenance Corp,Family Homes Repair and Maintenance Corp,16,0,,,5627 North Main Avenue,Bill
62831247,1,11/24/2025,"#1298 1325 Main 1 - Basement wall, plastered all holes, primed, and painted.",,"#1298 1325 Main 1 - Basement wall, plastered all holes, primed, and painted.",170,0,1298,Family Homes Repair and Maintenance Corp,Family Homes Repair and Maintenance Corp,Family Homes Repair and Maintenance Corp,16,0,,,1325 North Main Park Avenue,Bill
62831249,1,11/24/2025,"#1301 1807 Main 3 - Turnover painted and cleaned, and hauled away excess debris.",,"#1301 1807 Main 3 - Turnover painted and cleaned, and hauled away excess debris.",2520,0,1301,Family Homes Repair and Maintenance Corp,Family Homes Repair and Maintenance Corp,Family Homes Repair and Maintenance Corp,16,0,,,1807 North Main Avenue,Bill
62831370,8,11/25/2025,Multiple bills,,#1304 5627 Main 3 - Repairs on entry wall ceiling and install 3 shelves in laundry room closet.,-625,0,1304,Family Homes Repair and Maintenance Corp,Family Homes Repair and Maintenance Corp,Family Homes Repair and Maintenance Corp,16,0,,,5627 North Main Avenue,Bill
62831370,8,11/25/2025,Multiple bills,,"#1302 832 Main A & B- Removed drywall, primed, and painted for unit B. Repairing all water damage ceiling for unit A.",-1800,0,1302,Family Homes Repair and Maintenance Corp,Family Homes Repair and Maintenance Corp,Family Homes Repair and Maintenance Corp,16,0,,,832 S. Main St.,Bill
62831375,8,11/25/2025,1300 - #1300 1414 Main 4F - Drywall repair.,,#1300 1414 Main 4F - Drywall repair.,-800,0,1300,Family Homes Repair and Maintenance Corp,Family Homes Repair and Maintenance Corp,Family Homes Repair and Maintenance Corp,16,0,,,1414 North Main Street,Bill
62831382,8,11/25/2025,"1298 - #1298 1325 Main 1 - Basement wall, plastered all holes, primed, and painted.",,"#1298 1325 Main 1 - Basement wall, plastered all holes, primed, and painted.",-170,0,1298,Family Homes Repair and Maintenance Corp,Family Homes Repair and Maintenance Corp,Family Homes Repair and Maintenance Corp,16,0,,,1325 North Main Park Avenue,Bill
62831383,8,11/25/2025,"1301 - #1301 1807 Main 3 - Turnover painted and cleaned, and hauled away excess debris.",,"#1301 1807 Main 3 - Turnover painted and cleaned, and hauled away excess debris.",-2520,0,1301,Family Homes Repair and Maintenance Corp,Family Homes Repair and Maintenance Corp,Family Homes Repair and Maintenance Corp,16,0,,,1807 North Main Avenue,Bill
62831385,8,11/25/2025,1303 - #1303 659 Main 2 - Ceiling repair.,,#1303 659 Main 2 - Ceiling repair.,-375,0,1303,Family Homes Repair and Maintenance Corp,Family Homes Repair and Maintenance Corp,Family Homes Repair and Maintenance Corp,16,0,,,655 West Main Avenue,Bill
62831386,8,11/25/2025,1305 - #1305 1849 Main 1 - Drywall repair.,,#1305 1849 Main 1 - Drywall repair.,-1800,0,1305,Family Homes Repair and Maintenance Corp,Family Homes Repair and Maintenance Corp,Family Homes Repair and Maintenance Corp,16,0,,,959 North Main Avenue,Bill
62831390,8,11/25/2025,1299 - #1299 1826 Main - Bedroom ceiling repair.,,#1299 1826 Main - Bedroom ceiling repair.,-275,0,1299,Family Homes Repair and Maintenance Corp,Family Homes Repair and Maintenance Corp,Family Homes Repair and Maintenance Corp,16,0,,,1824 North Main Avenue,Bill
63009532,1,12/8/2025,#1307 3734 Main 3 - Turnover painted and cleaned.,,#1307 3734 Main 3 - Turnover painted and cleaned.,1450,0,1307,Family Homes Repair and Maintenance Corp,Family Homes Repair and Maintenance Corp,Family Homes Repair and Maintenance Corp,16,0,,,3734 W Main Ave,Bill
63009539,1,12/8/2025,#1306 2019 Main - Drywall mold repair.,,#1306 2019 Main - Drywall mold repair.,2200,0,1306,Family Homes Repair and Maintenance Corp,Family Homes Repair and Maintenance Corp,Family Homes Repair and Maintenance Corp,16,0,,,2019 North Main Street,Bill
63009799,8,12/9/2025,1306 - #1306 2019 Main - Drywall mold repair.,,#1306 2019 Main - Drywall mold repair.,-2200,0,1306,Family Homes Repair and Maintenance Corp,Family Homes Repair and Maintenance Corp,Family Homes Repair and Maintenance Corp,16,0,,,2019 North Main Street,EFT
63098055,1,12/22/2025,#1313 5627 & 5629 Main GARDEN - Insulate wall with R3 and foam for unit 5927. Removing tenants belongings and cover their items for unit 5929.,,#1313 5627 & 5629 Main GARDEN - Insulate wall with R3 and foam for unit 5927. Removing tenants belongings and cover their items for unit 5929.,1165,0,1313,Family Homes Repair and Maintenance Corp,Family Homes Repair and Maintenance Corp,Family Homes Repair and Maintenance Corp,16,0,,,5627 North Main Avenue,Bill
63098059,1,12/22/2025,#1308 1023 Main - Carpet cleaning on 4th floor.,,#1308 1023 Main - Carpet cleaning on 4th floor.,275,0,1308,Family Homes Repair and Maintenance Corp,Family Homes Repair and Maintenance Corp,Family Homes Repair and Maintenance Corp,16,0,,,1023 N. Main Ave.,Bill
63098073,1,12/22/2025,#1309 1507 Main GARDEN - Plaster and painting completed on ceiling.,,#1309 1507 Main GARDEN - Plaster and painting completed on ceiling.,200,0,1309,Family Homes Repair and Maintenance Corp,Family Homes Repair and Maintenance Corp,Family Homes Repair and Maintenance Corp,16,0,,,1507 N. Main,Bill
63098083,1,12/22/2025,#1311 2627 Main 2N - Drywall repair.,,#1311 2627 Main 2N - Drywall repair.,330,0,1311,Family Homes Repair and Maintenance Corp,Family Homes Repair and Maintenance Corp,Family Homes Repair and Maintenance Corp,16,0,,,2625 N. Main,Bill
63098087,1,12/22/2025,#1310 2007 Main 2E - Ceiling repair.,,#1310 2007 Main 2E - Ceiling repair.,285,0,1310,Family Homes Repair and Maintenance Corp,Family Homes Repair and Maintenance Corp,Family Homes Repair and Maintenance Corp,16,0,,,2007 W. Main #2E,Bill
63098097,1,12/22/2025,#1312 659 Main 3S - Ceiling repair.,,#1312 659 Main 3S - Ceiling repair.,300,0,1312,Family Homes Repair and Maintenance Corp,Family Homes Repair and Maintenance Corp,Family Homes Repair and Maintenance Corp,16,0,,,655 West Main Avenue,Bill
63135237,8,12/29/2025,Multiple bills,,#1310 2007 Main 2E - Ceiling repair.,-285,0,1310,Family Homes Repair and Maintenance Corp,Family Homes Repair and Maintenance Corp,Family Homes Repair and Maintenance Corp,16,0,,,2007 W. Main #2E,EFT
63135237,8,12/29/2025,Multiple bills,,#1313 5627 & 5629 Main GARDEN - Insulate wall with R3 and foam for unit 5927. Removing tenants belongings and cover their items for unit 5929.,-1165,0,1313,Family Homes Repair and Maintenance Corp,Family Homes Repair and Maintenance Corp,Family Homes Repair and Maintenance Corp,16,0,,,5627 North Main Avenue,EFT
63135252,8,12/29/2025,1311 - #1311 2627 Main 2N - Drywall repair.,,#1311 2627 Main 2N - Drywall repair.,-330,0,1311,Family Homes Repair and Maintenance Corp,Family Homes Repair and Maintenance Corp,Family Homes Repair and Maintenance Corp,16,0,,,2625 N. Main,Bill
63135256,8,12/29/2025,1309 - #1309 1507 Main GARDEN - Plaster and painting completed on ceiling.,,#1309 1507 Main GARDEN - Plaster and painting completed on ceiling.,-200,0,1309,Family Homes Repair and Maintenance Corp,Family Homes Repair and Maintenance Corp,Family Homes Repair and Maintenance Corp,16,0,,,1507 N. Main,Bill
63135260,8,12/29/2025,1308 - #1308 1023 Main - Carpet cleaning on 4th floor.,,#1308 1023 Main - Carpet cleaning on 4th floor.,-275,0,1308,Family Homes Repair and Maintenance Corp,Family Homes Repair and Maintenance Corp,Family Homes Repair and Maintenance Corp,16,0,,,1023 N. Main Ave.,Bill
63135280,8,12/29/2025,1312 - #1312 659 Main 3S - Ceiling repair.,,#1312 659 Main 3S - Ceiling repair.,-300,0,1312,Family Homes Repair and Maintenance Corp,Family Homes Repair and Maintenance Corp,Family Homes Repair and Maintenance Corp,16,0,,,655 West Main Avenue,Bill
63242870,1,1/5/2026,#1316 2302 Main 2R - Turnover painted and cleaned.,,#1316 2302 Main 2R - Turnover painted and cleaned.,850,0,1316,Family Homes Repair and Maintenance Corp,Family Homes Repair and Maintenance Corp,Family Homes Repair and Maintenance Corp,16,0,,,2302 West Main Street,Bill
63242883,1,1/5/2026,#1314 2203 Main - Hallway painting and plastering. Building HVAC closet.,,#1314 2203 Main - Hallway painting and plastering. Building HVAC closet.,2600,0,1314,Family Homes Repair and Maintenance Corp,Family Homes Repair and Maintenance Corp,Family Homes Repair and Maintenance Corp,16,0,,,2203 W. Main,Bill
63242907,1,1/5/2026,#1315 3907 Main 2 - Turnover painted and cleaned.,,#1315 3907 Main 2 - Turnover painted and cleaned.,850,0,1315,Family Homes Repair and Maintenance Corp,Family Homes Repair and Maintenance Corp,Family Homes Repair and Maintenance Corp,16,0,,,3901 West Main Avenue,EFT
63243850,8,1/6/2026,1314 - #1314 2203 Main - Hallway painting and plastering. Building HVAC closet.,,#1314 2203 Main - Hallway painting and plastering. Building HVAC closet.,-2600,0,1314,Family Homes Repair and Maintenance Corp,Family Homes Repair and Maintenance Corp,Family Homes Repair and Maintenance Corp,16,0,,,2203 W. Main,EFT
63243859,8,1/6/2026,1315 - #1315 3907 Main 2 - Turnover painted and cleaned.,,#1315 3907 Main 2 - Turnover painted and cleaned.,-850,0,1315,Family Homes Repair and Maintenance Corp,Family Homes Repair and Maintenance Corp,Family Homes Repair and Maintenance Corp,16,0,,,3901 West Main Avenue,EFT
63243865,8,1/6/2026,1316 - #1316 2302 Main 2R - Turnover painted and cleaned.,,#1316 2302 Main 2R - Turnover painted and cleaned.,-850,0,1316,Family Homes Repair and Maintenance Corp,Family Homes Repair and Maintenance Corp,Family Homes Repair and Maintenance Corp,16,0,,,2302 West Main Street,EFT
63243868,8,1/6/2026,1307 - #1307 3734 Main 3 - Turnover painted and cleaned.,,#1307 3734 Main 3 - Turnover painted and cleaned.,-1450,0,1307,Family Homes Repair and Maintenance Corp,Family Homes Repair and Maintenance Corp,Family Homes Repair and Maintenance Corp,16,0,,,3734 W Main Ave,EFT
63287494,1,1/12/2026,#1317 2301 Main GDN - Bathroom repairs and painting.,,#1317 2301 Main GDN - Bathroom repairs and painting.,550,0,1317,Family Homes Repair and Maintenance Corp,Family Homes Repair and Maintenance Corp,Family Homes Repair and Maintenance Corp,16,0,,,2301 N. Main,EFT
63292444,8,1/14/2026,1317 - #1317 2301 Main GDN - Bathroom repairs and painting.,,#1317 2301 Main GDN - Bathroom repairs and painting.,-550,0,1317,Family Homes Repair and Maintenance Corp,Family Homes Repair and Maintenance Corp,Family Homes Repair and Maintenance Corp,16,0,,,2301 N. Main,EFT
63328571,1,1/20/2026,#1318 1707 Main BLDG - Porch platform repair.,,#1318 1707 Main BLDG - Porch platform repair.,480,0,1318,Family Homes Repair and Maintenance Corp,Family Homes Repair and Maintenance Corp,Family Homes Repair and Maintenance Corp,16,0,,,1707 South Main Avenue,Bill
63329647,8,1/21/2026,1318 - #1318 1707 Main BLDG - Porch platform repair.,,#1318 1707 Main BLDG - Porch platform repair.,-480,0,1318,Family Homes Repair and Maintenance Corp,Family Homes Repair and Maintenance Corp,Family Homes Repair and Maintenance Corp,16,0,,,1707 South Main Avenue,EFT
63009527,1,12/8/2025,#2193 1707 Main - Repaired 4 windows and caulked.,,#2193 1707 Main - Repaired 4 windows and caulked.,330,0,2193,Krakower Inc,Krakower Inc,Krakower Inc,16,0,,,1707 South Main Avenue,Bill
63009809,8,12/9/2025,2193 - #2193 1707 Main - Repaired 4 windows and caulked.,,#2193 1707 Main - Repaired 4 windows and caulked.,-330,0,2193,Krakower Inc,Krakower Inc,Krakower Inc,16,0,,,1707 South Main Avenue,EFT
63098045,1,12/22/2025,"#2206 2255 Main 2 - Removed old flooring, disposed of flooring and replace with new vinyl floor.",,"#2206 2255 Main 2 - Removed old flooring, disposed of flooring and replace with new vinyl floor.",1350,0,2206,Krakower Inc,Krakower Inc,Krakower Inc,16,0,,,2255 South Main Street,Bill
63135241,8,12/29/2025,"2206 - #2206 2255 Main 2 - Removed old flooring, disposed of flooring and replace with new vinyl floor.",,"#2206 2255 Main 2 - Removed old flooring, disposed of flooring and replace with new vinyl floor.",-1350,0,2206,Krakower Inc,Krakower Inc,Krakower Inc,16,0,,,2255 South Main Street,EFT
63287482,1,1/12/2026,"#2205 2916 Main - New vinyl floor, new wax ring for toilet, plywood to replace subfloor and new vanity.",,"#2205 2916 Main - New vinyl floor, new wax ring for toilet, plywood to replace subfloor and new vanity.",1213.42,0,2205,Krakower Inc,Krakower Inc,Krakower Inc,16,0,,,2916 West Main Place,EFT
63292448,8,1/14/2026,"2205 - #2205 2916 Main - New vinyl floor, new wax ring for toilet, plywood to replace subfloor and new vanity.",,"#2205 2916 Main - New vinyl floor, new wax ring for toilet, plywood to replace subfloor and new vanity.",-1213.42,0,2205,Krakower Inc,Krakower Inc,Krakower Inc,16,0,,,2916 West Main Place,Check 105
62614375,1,10/28/2025,"#INV-000567 1441 Main B - Repaired leaking bathtub overflow assembly, sealed around the bathtub, and tested for leaks.",,"#INV-000567 1441 Main B - Repaired leaking bathtub overflow assembly, sealed around the bathtub, and tested for leaks.",116,0,INV-000567,Mendowza Construction Inc,Mendowza Construction Inc,Mendowza Construction Inc,16,0,,,1441 S. Main Ct.,Bill
62620527,8,10/29/2025,"INV-000567 - #INV-000567 1441 Main B - Repaired leaking bathtub overflow assembly, sealed around the bathtub, and tested for leaks.",,"#INV-000567 1441 Main B - Repaired leaking bathtub overflow assembly, sealed around the bathtub, and tested for leaks.",-116,0,INV-000567,Mendowza Construction Inc,Mendowza Construction Inc,Mendowza Construction Inc,16,0,,,1441 S. Main Ct.,EFT
62711804,1,11/4/2025,"#INV-000590 1707 Main 2SRB - Replaced drywall, installed new studs on brick wall, mudded, sanded, and painted drywall. Exterior wall tuckpointing, sealed, and reinforced mortar joints.",,"#INV-000590 1707 Main 2SRB - Replaced drywall, installed new studs on brick wall, mudded, sanded, and painted drywall. Exterior wall tuckpointing, sealed, and reinforced mortar joints.",3500,0,INV-000590,Mendowza Construction Inc,Mendowza Construction Inc,Mendowza Construction Inc,16,0,,,1707 South Main Avenue,EFT
62711828,1,11/4/2025,#INV-000586 1757 NORTH Main 1B - Replaced bathroom faucet stem.,,#INV-000586 1757 NORTH Main 1B - Replaced bathroom faucet stem.,99.43,0,INV-000586,Mendowza Construction Inc,Mendowza Construction Inc,Mendowza Construction Inc,16,0,,,1757 West North Main Avenue,Bill
62711845,1,11/4/2025,#INV-000266 655 Main - Removal of existing gutter and installation of new gutter. BALANCE,,#INV-000266 655 Main - Removal of existing gutter and installation of new gutter. BALANCE,2384.64,0,INV-000266 BALANCE,Mendowza Construction Inc,Mendowza Construction Inc,Mendowza Construction Inc,16,0,,,655 West Main Avenue,Bill
62711847,1,11/4/2025,#INV-000591 655 Main - Roof parapet wall repair.,,#INV-000591 655 Main - Roof parapet wall repair.,1150,0,INV-000591,Mendowza Construction Inc,Mendowza Construction Inc,Mendowza Construction Inc,16,0,,,655 West Main Avenue,Bill
62711851,1,11/4/2025,#INV-000571 4435 Main BLDG - Removed all weeds from back of the bldg and added weed killer to prevent future growth for the season. Front and back.,,#INV-000571 4435 Main BLDG - Removed all weeds from back of the bldg and added weed killer to prevent future growth for the season. Front and back.,250,0,INV-000571,Mendowza Construction Inc,Mendowza Construction Inc,Mendowza Construction Inc,16,0,,,4435 North Main Street,Bill
62711859,1,11/4/2025,#INV-000579 3221 Main - Sewage line rodding and cleaned up.,,#INV-000579 3221 Main - Sewage line rodding and cleaned up.,750,0,INV-000579,Mendowza Construction Inc,Mendowza Construction Inc,Mendowza Construction Inc,16,0,,,3221 North Main Avenue,Bill
62711861,1,11/4/2025,#INV-000585 3234 Main 2 - Inspected all outlets and electrical. Reset breaker to restore power.,,#INV-000585 3234 Main 2 - Inspected all outlets and electrical. Reset breaker to restore power.,80,0,INV-000585,Mendowza Construction Inc,Mendowza Construction Inc,Mendowza Construction Inc,16,0,,,3234 North Main Street,Bill
62712893,8,11/4/2025,Multiple bills,,#INV-000579 3221 Main - Sewage line rodding and cleaned up.,-750,0,INV-000579,Mendowza Construction Inc,Mendowza Construction Inc,Mendowza Construction Inc,16,0,,,3221 North Main Avenue,EFT
62712893,8,11/4/2025,Multiple bills,,#INV-000571 4435 Main BLDG - Removed all weeds from back of the bldg and added weed killer to prevent future growth for the season. Front and back.,-250,0,INV-000571,Mendowza Construction Inc,Mendowza Construction Inc,Mendowza Construction Inc,16,0,,,4435 North Main Street,EFT
62712898,8,11/4/2025,"INV-000590 - #INV-000590 1707 Main 2SRB - Replaced drywall, installed new studs on brick wall, mudded, sanded, and painted drywall. Exterior wall tuckpointing, sealed, and reinforced mortar joints.",,"#INV-000590 1707 Main 2SRB - Replaced drywall, installed new studs on brick wall, mudded, sanded, and painted drywall. Exterior wall tuckpointing, sealed, and reinforced mortar joints.",-3500,0,INV-000590,Mendowza Construction Inc,Mendowza Construction Inc,Mendowza Construction Inc,16,0,,,1707 South Main Avenue,EFT
62712904,8,11/4/2025,INV-000585 - #INV-000585 3234 Main 2 - Inspected all outlets and electrical. Reset breaker to restore power.,,#INV-000585 3234 Main 2 - Inspected all outlets and electrical. Reset breaker to restore power.,-80,0,INV-000585,Mendowza Construction Inc,Mendowza Construction Inc,Mendowza Construction Inc,16,0,,,3234 North Main Street,EFT
62712906,8,11/4/2025,Multiple bills,,#INV-000591 655 Main - Roof parapet wall repair.,-1150,0,INV-000591,Mendowza Construction Inc,Mendowza Construction Inc,Mendowza Construction Inc,16,0,,,655 West Main Avenue,EFT
62712906,8,11/4/2025,Multiple bills,,#INV-000266 655 Main - Removal of existing gutter and installation of new gutter. BALANCE,-2384.64,0,INV-000266 BALANCE,Mendowza Construction Inc,Mendowza Construction Inc,Mendowza Construction Inc,16,0,,,655 West Main Avenue,EFT
62712909,8,11/4/2025,INV-000586 - #INV-000586 1757 NORTH Main 1B - Replaced bathroom faucet stem.,,#INV-000586 1757 NORTH Main 1B - Replaced bathroom faucet stem.,-99.43,0,INV-000586,Mendowza Construction Inc,Mendowza Construction Inc,Mendowza Construction Inc,16,0,,,1757 West North Main Avenue,EFT
62793197,1,11/18/2025,#INV-000605 1706 Main 404 - Turnover painted.,,#INV-000605 1706 Main 404 - Turnover painted.,625,0,INV-000605,Mendowza Construction Inc,Mendowza Construction Inc,Mendowza Construction Inc,16,0,,,1706 Main Avenue,EFT
62793202,1,11/18/2025,"#INV-000588 4324 Main 1N - Additional materials and labor. Kitchen: stone slab, cabinets, drain, ceiling fans, lights, cabinet handles, pantry door, faucet, and painting cabinets. Basement bedroom tile and baseboard.",,"#INV-000588 4324 Main 1N - Additional materials and labor. Kitchen: stone slab, cabinets, drain, ceiling fans, lights, cabinet handles, pantry door, faucet, and painting cabinets. Basement bedroom tile and baseboard.",5507.59,0,INV-000588,Mendowza Construction Inc,Mendowza Construction Inc,Mendowza Construction Inc,16,0,,,4322 North Main Avenue,Bill
62793208,1,11/18/2025,#INV-000607 1936 Main PARK - Faucet and downspout leak repair.,,#INV-000607 1936 Main PARK - Faucet and downspout leak repair.,1320,0,INV-000607,Mendowza Construction Inc,Mendowza Construction Inc,Mendowza Construction Inc,16,0,,,1936 N. Main Park,Bill
62793210,1,11/18/2025,#INV-000601 2945 Main - Rodding and cleaning service.,,#INV-000601 2945 Main - Rodding and cleaning service.,550,0,INV-000601,Mendowza Construction Inc,Mendowza Construction Inc,Mendowza Construction Inc,16,0,,,2945 N. Main Ave,Bill
62793242,1,11/18/2025,"#INV-000604 6949 Main - Turnover painted and cleaned for units (6949-1C, 6949-3C, 6959-2C).",,"#INV-000604 6949 Main - Turnover painted and cleaned for units (6949-1C, 6949-3C, 6959-2C).",3350,0,INV-000604,Mendowza Construction Inc,Mendowza Construction Inc,Mendowza Construction Inc,16,0,,,6949 S Main Ave,Bill
62793485,8,11/18/2025,Multiple bills,,#INV-000607 1936 Main PARK - Faucet and downspout leak repair.,-1320,0,INV-000607,Mendowza Construction Inc,Mendowza Construction Inc,Mendowza Construction Inc,16,0,,,1936 N. Main Park,Bill
62793485,8,11/18/2025,Multiple bills,,"#INV-000604 6949 Main - Turnover painted and cleaned for units (6949-1C, 6949-3C, 6959-2C).",-3350,0,INV-000604,Mendowza Construction Inc,Mendowza Construction Inc,Mendowza Construction Inc,16,0,,,6949 S Main Ave,Bill
62793494,8,11/18/2025,INV-000601 - #INV-000601 2945 Main - Rodding and cleaning service.,,#INV-000601 2945 Main - Rodding and cleaning service.,-550,0,INV-000601,Mendowza Construction Inc,Mendowza Construction Inc,Mendowza Construction Inc,16,0,,,2945 N. Main Ave,Bill
62793496,8,11/18/2025,INV-000605 - #INV-000605 1706 Main 404 - Turnover painted.,,#INV-000605 1706 Main 404 - Turnover painted.,-625,0,INV-000605,Mendowza Construction Inc,Mendowza Construction Inc,Mendowza Construction Inc,16,0,,,1706 Main Avenue,EFT
62812695,8,11/21/2025,"INV-000588 - #INV-000588 4324 Main 1N - Additional materials and labor. Kitchen: stone slab, cabinets, drain, ceiling fans, lights, cabinet handles, pantry door, faucet, and painting cabinets. Basement bedroom tile and baseboard.",,"#INV-000588 4324 Main 1N - Additional materials and labor. Kitchen: stone slab, cabinets, drain, ceiling fans, lights, cabinet handles, pantry door, faucet, and painting cabinets. Basement bedroom tile and baseboard.",-5507.59,0,INV-000588,Mendowza Construction Inc,Mendowza Construction Inc,Mendowza Construction Inc,16,0,,,4322 North Main Avenue,EFT
62831160,1,11/24/2025,#INV-000602 3738 Main - Concrete steps patch and repair.,,#INV-000602 3738 Main - Concrete steps patch and repair.,1250,0,INV-000602,Mendowza Construction Inc,Mendowza Construction Inc,Mendowza Construction Inc,16,0,,,3734 W Main Ave,EFT
62831211,1,11/24/2025,#INV-000624 6949 Main -Electrical panel area clean up and grounding upgrade.,,#INV-000624 6949 Main -Electrical panel area clean up and grounding upgrade.,1710,0,INV-000624,Mendowza Construction Inc,Mendowza Construction Inc,Mendowza Construction Inc,16,0,,,6949 S Main Ave,Check 190
62831237,1,11/24/2025,#INV-000575 5042 Main G - Replaced sump pump and cleared sewage blockage.,,#INV-000575 5042 Main G - Replaced sump pump and cleared sewage blockage.,905,0,INV-000575,Mendowza Construction Inc,Mendowza Construction Inc,Mendowza Construction Inc,16,0,,,5042 North Main Street,Bill
62831239,1,11/24/2025,#INV-000616 25 Main 2 - Gas problem diagnostic.,,#INV-000616 25 Main 2 - Gas problem diagnostic.,200,0,INV-000616,Mendowza Construction Inc,Mendowza Construction Inc,Mendowza Construction Inc,16,0,,,25 Main Avenue,Bill
62831241,1,11/24/2025,#INV-000619 2301 Main 2RF - Trim removal and tile installation at shower entry.,,#INV-000619 2301 Main 2RF - Trim removal and tile installation at shower entry.,435,0,INV-000619,Mendowza Construction Inc,Mendowza Construction Inc,Mendowza Construction Inc,16,0,,,2301 North Main Street,Bill
62831243,1,11/24/2025,#INV-000625 6949 Main - Installation of conduit and new #4 cable.,,#INV-000625 6949 Main - Installation of conduit and new #4 cable.,522,0,INV-000625,Mendowza Construction Inc,Mendowza Construction Inc,Mendowza Construction Inc,16,0,,,6949 S Main Ave,Bill
62831395,8,11/25/2025,INV-000616 - #INV-000616 25 Main 2 - Gas problem diagnostic.,,#INV-000616 25 Main 2 - Gas problem diagnostic.,-200,0,INV-000616,Mendowza Construction Inc,Mendowza Construction Inc,Mendowza Construction Inc,16,0,,,25 Main Avenue,Bill
62831398,8,11/25/2025,Multiple bills,,#INV-000625 6949 Main - Installation of conduit and new #4 cable.,-522,0,INV-000625,Mendowza Construction Inc,Mendowza Construction Inc,Mendowza Construction Inc,16,0,,,6949 S Main Ave,Bill
62831398,8,11/25/2025,Multiple bills,,#INV-000624 6949 Main -Electrical panel area clean up and grounding upgrade.,-1710,0,INV-000624,Mendowza Construction Inc,Mendowza Construction Inc,Mendowza Construction Inc,16,0,,,6949 S Main Ave,Bill
62831401,8,11/25/2025,INV-000602 - #INV-000602 3738 Main - Concrete steps patch and repair.,,#INV-000602 3738 Main - Concrete steps patch and repair.,-1250,0,INV-000602,Mendowza Construction Inc,Mendowza Construction Inc,Mendowza Construction Inc,16,0,,,3734 W Main Ave,Bill
62831403,8,11/25/2025,INV-000619 - #INV-000619 2301 Main 2RF - Trim removal and tile installation at shower entry.,,#INV-000619 2301 Main 2RF - Trim removal and tile installation at shower entry.,-435,0,INV-000619,Mendowza Construction Inc,Mendowza Construction Inc,Mendowza Construction Inc,16,0,,,2301 North Main Street,Bill
62933464,8,12/1/2025,INV-000575 - #INV-000575 5042 Main G - Replaced sump pump and cleared sewage blockage.,,#INV-000575 5042 Main G - Replaced sump pump and cleared sewage blockage.,-905,0,INV-000575,Mendowza Construction Inc,Mendowza Construction Inc,Mendowza Construction Inc,16,0,,,5042 North Main Street,EFT
62956880,1,12/1/2025,"#INV-000630 915 Main - Replaced damaged steps and platforms, completed all necessary welding and structural reinforcements, prepped all metal surfaces by sanding and cleaning, and applied a full coating system.",,"#INV-000630 915 Main - Replaced damaged steps and platforms, completed all necessary welding and structural reinforcements, prepped all metal surfaces by sanding and cleaning, and applied a full coating system.",4500,0,INV-000630,Mendowza Construction Inc,Mendowza Construction Inc,Mendowza Construction Inc,16,0,,,915 West Main Street,EFT
62956904,1,12/1/2025,#INV-000628 5040 Main G - Shower leak and ceiling repair.,,#INV-000628 5040 Main G - Shower leak and ceiling repair.,700,0,INV-000628,Mendowza Construction Inc,Mendowza Construction Inc,Mendowza Construction Inc,16,0,,,5040 North Main Street,EFT
62959896,8,12/3/2025,"INV-000630 - #INV-000630 915 Main - Replaced damaged steps and platforms, completed all necessary welding and structural reinforcements, prepped all metal surfaces by sanding and cleaning, and applied a full coating system.",,"#INV-000630 915 Main - Replaced damaged steps and platforms, completed all necessary welding and structural reinforcements, prepped all metal surfaces by sanding and cleaning, and applied a full coating system.",-4500,0,INV-000630,Mendowza Construction Inc,Mendowza Construction Inc,Mendowza Construction Inc,16,0,,,915 West Main Street,EFT
62959903,8,12/3/2025,INV-000628 - #INV-000628 5040 Main G - Shower leak and ceiling repair.,,#INV-000628 5040 Main G - Shower leak and ceiling repair.,-700,0,INV-000628,Mendowza Construction Inc,Mendowza Construction Inc,Mendowza Construction Inc,16,0,,,5040 North Main Street,EFT
63009541,1,12/8/2025,#INV-000720 822 Main 1R - Supply and installation of 8 light-filtering roller shades. DEPOSIT,,#INV-000720 822 Main 1R - Supply and installation of 8 light-filtering roller shades. DEPOSIT,945.5,0,INV-000720 DEPOSIT,Mendowza Construction Inc,Mendowza Construction Inc,Mendowza Construction Inc,16,0,,,822 North Main Avenue,Bill
63009543,1,12/8/2025,#INV-000721 822 Main 1F - Supply and installation of 8 light-filtering roller shades. DEPOSIT,,#INV-000721 822 Main 1F - Supply and installation of 8 light-filtering roller shades. DEPOSIT,1058,0,INV-000721 DEPOSIT,Mendowza Construction Inc,Mendowza Construction Inc,Mendowza Construction Inc,16,0,,,822 North Main Avenue,Bill
63009561,1,12/8/2025,#INV-000678 952 Main 2E - Kitchen plumbing repairs and bathroom toilet repairs.,,#INV-000678 952 Main 2E - Kitchen plumbing repairs and bathroom toilet repairs.,500,0,INV-000678,Mendowza Construction Inc,Mendowza Construction Inc,Mendowza Construction Inc,16,0,,,950 North Main Street,EFT
63009563,1,12/8/2025,#INV-000719 3213 Main - Leak repair in hallway caused by clogged roof drain. Cleared blockage and cleaned.,,#INV-000719 3213 Main - Leak repair in hallway caused by clogged roof drain. Cleared blockage and cleaned.,250,0,INV-000719,Mendowza Construction Inc,Mendowza Construction Inc,Mendowza Construction Inc,16,0,,,3213 West Main Avenue,EFT
63009806,8,12/9/2025,INV-000678 - #INV-000678 952 Main 2E - Kitchen plumbing repairs and bathroom toilet repairs.,,#INV-000678 952 Main 2E - Kitchen plumbing repairs and bathroom toilet repairs.,-500,0,INV-000678,Mendowza Construction Inc,Mendowza Construction Inc,Mendowza Construction Inc,16,0,,,950 North Main Street,EFT
63009807,8,12/9/2025,INV-000719 - #INV-000719 3213 Main - Leak repair in hallway caused by clogged roof drain. Cleared blockage and cleaned.,,#INV-000719 3213 Main - Leak repair in hallway caused by clogged roof drain. Cleared blockage and cleaned.,-250,0,INV-000719,Mendowza Construction Inc,Mendowza Construction Inc,Mendowza Construction Inc,16,0,,,3213 West Main Avenue,EFT
63009810,8,12/9/2025,Multiple bills,,#INV-000720 822 Main 1R - Supply and installation of 8 light-filtering roller shades. DEPOSIT,-945.5,0,INV-000720 DEPOSIT,Mendowza Construction Inc,Mendowza Construction Inc,Mendowza Construction Inc,16,0,,,822 North Main Avenue,EFT
63009810,8,12/9/2025,Multiple bills,,#INV-000721 822 Main 1F - Supply and installation of 8 light-filtering roller shades. DEPOSIT,-1058,0,INV-000721 DEPOSIT,Mendowza Construction Inc,Mendowza Construction Inc,Mendowza Construction Inc,16,0,,,822 North Main Avenue,EFT
63048063,1,12/15/2025,#INV-000774 4435 Main - Conduit replacement and re-wiring (Approx . 30 LF).,,#INV-000774 4435 Main - Conduit replacement and re-wiring (Approx . 30 LF).,1500,0,INV-000774,Mendowza Construction Inc,Mendowza Construction Inc,Mendowza Construction Inc,16,0,,,4435 North Main Street,Bill
63048065,1,12/15/2025,#INV-000775 5627 Main G - Water line unfreezing and pipe insulation. Labor and materials.,,#INV-000775 5627 Main G - Water line unfreezing and pipe insulation. Labor and materials.,1250,0,INV-000775,Mendowza Construction Inc,Mendowza Construction Inc,Mendowza Construction Inc,16,0,,,5627 North Main Avenue,Bill
63048679,8,12/16/2025,Multiple bills,,#INV-000774 4435 Main - Conduit replacement and re-wiring (Approx . 30 LF).,-1500,0,INV-000774,Mendowza Construction Inc,Mendowza Construction Inc,Mendowza Construction Inc,16,0,,,4435 North Main Street,EFT
63048679,8,12/16/2025,Multiple bills,,#INV-000775 5627 Main G - Water line unfreezing and pipe insulation. Labor and materials.,-1250,0,INV-000775,Mendowza Construction Inc,Mendowza Construction Inc,Mendowza Construction Inc,16,0,,,5627 North Main Avenue,EFT
63098030,1,12/22/2025,#INV-000818 3758 Main - Outlet/power in living room repair.,,#INV-000818 3758 Main - Outlet/power in living room repair.,80,0,INV-000818,Mendowza Construction Inc,Mendowza Construction Inc,Mendowza Construction Inc,16,0,,,3758 West Main Avenue,EFT
63098049,1,12/22/2025,#INV-000819 3336 Main 2F - High Efficiency water heater replacement.,,#INV-000819 3336 Main 2F - High Efficiency water heater replacement.,2050,0,INV-000819,Mendowza Construction Inc,Mendowza Construction Inc,Mendowza Construction Inc,16,0,,,3336 West Main Avenue,Bill
63098051,1,12/22/2025,#INV-000720 822 Main 1R - Supply and installation of 8 light-filtering roller shades. BALANCE,,#INV-000720 822 Main 1R - Supply and installation of 8 light-filtering roller shades. BALANCE,945.5,0,INV-000720 BALANCE,Mendowza Construction Inc,Mendowza Construction Inc,Mendowza Construction Inc,16,0,,,822 North Main Avenue,Bill
63098057,1,12/22/2025,#INV-000721 822 Main 1F - Supply and installation of 8 light-filtering roller shades,,#INV-000721 822 Main 1F - Supply and installation of 8 light-filtering roller shades,1058,0,INV-000721 BALANCE,Mendowza Construction Inc,Mendowza Construction Inc,Mendowza Construction Inc,16,0,,,822 North Main Avenue,Bill
63098099,1,12/22/2025,#INV-000817 2429 Main - Attic pipe insulation.,,#INV-000817 2429 Main - Attic pipe insulation.,400,0,INV-000817,Mendowza Construction Inc,Mendowza Construction Inc,Mendowza Construction Inc,16,0,,,2429 West Main Street,Bill
63098103,1,12/22/2025,#INV-000821 915 Main 3F - Shower silicone removal and replacement.,,#INV-000821 915 Main 3F - Shower silicone removal and replacement.,250,0,INV-000821,Mendowza Construction Inc,Mendowza Construction Inc,Mendowza Construction Inc,16,0,,,915 West Main Street,EFT
63098120,1,12/22/2025,#INV-000823 2129 Main 1R - Kitchen drain rodded.,,#INV-000823 2129 Main 1R - Kitchen drain rodded.,550,0,INV-000823,Mendowza Construction Inc,Mendowza Construction Inc,Mendowza Construction Inc,16,0,,,2129 North Main Avenue,EFT
63135244,8,12/29/2025,Multiple bills,,#INV-000823 2129 Main 1R - Kitchen drain rodded.,-550,0,INV-000823,Mendowza Construction Inc,Mendowza Construction Inc,Mendowza Construction Inc,16,0,,,2129 North Main Avenue,Bill
63135244,8,12/29/2025,Multiple bills,,#INV-000821 915 Main 3F - Shower silicone removal and replacement.,-250,0,INV-000821,Mendowza Construction Inc,Mendowza Construction Inc,Mendowza Construction Inc,16,0,,,915 West Main Street,Bill
63135271,8,12/29/2025,INV-000818 - #INV-000818 3758 Main - Outlet/power in living room repair.,,#INV-000818 3758 Main - Outlet/power in living room repair.,-80,0,INV-000818,Mendowza Construction Inc,Mendowza Construction Inc,Mendowza Construction Inc,16,0,,,3758 West Main Avenue,Bill
63135276,8,12/29/2025,Multiple bills,,#INV-000720 822 Main 1R - Supply and installation of 8 light-filtering roller shades. BALANCE,-945.5,0,INV-000720 BALANCE,Mendowza Construction Inc,Mendowza Construction Inc,Mendowza Construction Inc,16,0,,,822 North Main Avenue,Bill
63135276,8,12/29/2025,Multiple bills,,#INV-000721 822 Main 1F - Supply and installation of 8 light-filtering roller shades,-1058,0,INV-000721 BALANCE,Mendowza Construction Inc,Mendowza Construction Inc,Mendowza Construction Inc,16,0,,,822 North Main Avenue,Bill
63135279,8,12/29/2025,INV-000817 - #INV-000817 2429 Main - Attic pipe insulation.,,#INV-000817 2429 Main - Attic pipe insulation.,-400,0,INV-000817,Mendowza Construction Inc,Mendowza Construction Inc,Mendowza Construction Inc,16,0,,,2429 West Main Street,Bill
63135284,8,12/29/2025,INV-000819 - #INV-000819 3336 Main 2F - High Efficiency water heater replacement.,,#INV-000819 3336 Main 2F - High Efficiency water heater replacement.,-2050,0,INV-000819,Mendowza Construction Inc,Mendowza Construction Inc,Mendowza Construction Inc,16,0,,,3336 West Main Avenue,Bill
63242905,1,1/5/2026,#INV-000824 4821 Main - Rodded the basement.,,#INV-000824 4821 Main - Rodded the basement.,415,0,INV-000824,Mendowza Construction Inc,Mendowza Construction Inc,Mendowza Construction Inc,16,0,,,4819 W. Main Avenue,Bill
63243860,8,1/6/2026,INV-000824 - #INV-000824 4821 Main - Rodded the basement.,,#INV-000824 4821 Main - Rodded the basement.,-415,0,INV-000824,Mendowza Construction Inc,Mendowza Construction Inc,Mendowza Construction Inc,16,0,,,4819 W. Main Avenue,EFT
63287467,1,1/12/2026,#INV-000882 4004 Main - Drain line repair.,,#INV-000882 4004 Main - Drain line repair.,250,0,INV-000882,Mendowza Construction Inc,Mendowza Construction Inc,Mendowza Construction Inc,16,0,,,2232 W Main Park Rd,EFT
63287509,1,1/12/2026,#INV-000888 822 Main 1F - Window blind in master bedroom.,,#INV-000888 822 Main 1F - Window blind in master bedroom.,80,0,INV-000888,Mendowza Construction Inc,Mendowza Construction Inc,Mendowza Construction Inc,16,0,,,822 North Main Avenue,EFT
63287511,1,1/12/2026,#INV-000881 903 Main - Inspected water issues and replaced light bulb.,,#INV-000881 903 Main - Inspected water issues and replaced light bulb.,80,0,INV-000881,Mendowza Construction Inc,Mendowza Construction Inc,Mendowza Construction Inc,16,0,,,903 W Main,EFT
63292449,8,1/14/2026,INV-000881 - #INV-000881 903 Main - Inspected water issues and replaced light bulb.,,#INV-000881 903 Main - Inspected water issues and replaced light bulb.,-80,0,INV-000881,Mendowza Construction Inc,Mendowza Construction Inc,Mendowza Construction Inc,16,0,,,903 W Main,Check 105
63292471,8,1/14/2026,INV-000888 - #INV-000888 822 Main 1F - Window blind in master bedroom.,,#INV-000888 822 Main 1F - Window blind in master bedroom.,-80,0,INV-000888,Mendowza Construction Inc,Mendowza Construction Inc,Mendowza Construction Inc,16,0,,,822 North Main Avenue,Bill
63292473,8,1/14/2026,INV-000882 - #INV-000882 4004 Main - Drain line repair.,,#INV-000882 4004 Main - Drain line repair.,-250,0,INV-000882,Mendowza Construction Inc,Mendowza Construction Inc,Mendowza Construction Inc,16,0,,,2232 W Main Park Rd,Bill
63328601,1,1/20/2026,#INV-000900 2225 Main G - Mold inspection.,,#INV-000900 2225 Main G - Mold inspection.,80,0,INV-000900,Mendowza Construction Inc,Mendowza Construction Inc,Mendowza Construction Inc,16,0,,,2223 N. Main Ave,Bill
63328605,1,1/20/2026,#INV-000825 2752 Main 2 - Electrical light wiring repaired.,,#INV-000825 2752 Main 2 - Electrical light wiring repaired.,200,0,INV-000825,Mendowza Construction Inc,Mendowza Construction Inc,Mendowza Construction Inc,16,0,,,2752 North Main Avenue,Bill
63328609,1,1/20/2026,#INV-000896 3221 Main - Rodding repairs to open the line and restore flow. Cleaned the area in basement.,,#INV-000896 3221 Main - Rodding repairs to open the line and restore flow. Cleaned the area in basement.,850,0,INV-000896,Mendowza Construction Inc,Mendowza Construction Inc,Mendowza Construction Inc,16,0,,,3221 North Main Avenue,Bill
63329639,8,1/21/2026,INV-000896 - #INV-000896 3221 Main - Rodding repairs to open the line and restore flow. Cleaned the area in basement.,,#INV-000896 3221 Main - Rodding repairs to open the line and restore flow. Cleaned the area in basement.,-850,0,INV-000896,Mendowza Construction Inc,Mendowza Construction Inc,Mendowza Construction Inc,16,0,,,3221 North Main Avenue,EFT
63329643,8,1/21/2026,INV-000900 - #INV-000900 2225 Main G - Mold inspection.,,#INV-000900 2225 Main G - Mold inspection.,-80,0,INV-000900,Mendowza Construction Inc,Mendowza Construction Inc,Mendowza Construction Inc,16,0,,,2223 N. Main Ave,EFT
63329661,8,1/21/2026,INV-000825 - #INV-000825 2752 Main 2 - Electrical light wiring repaired.,,#INV-000825 2752 Main 2 - Electrical light wiring repaired.,-200,0,INV-000825,Mendowza Construction Inc,Mendowza Construction Inc,Mendowza Construction Inc,16,0,,,2752 North Main Avenue,EFT
62793226,1,11/18/2025,"#299874 2731 Main 1 - Furnace repair. Installed jumper wire on thermostat, tightened electrical connections, installed new air filter.",,"#299874 2731 Main 1 - Furnace repair. Installed jumper wire on thermostat, tightened electrical connections, installed new air filter.",120,0,299874,Mendiowza Mechanical LLC,Mendiowza Mechanical LLC,Mendiowza Mechanical LLC,16,0,,,2731 North Main Avenue,Bill
62797043,2,11/19/2025,"299874 - #299874 2731 Main 1 - Furnace repair. Installed jumper wire on thermostat, tightened electrical connections, installed new air filter.",190,"#299874 2731 Main 1 - Furnace repair. Installed jumper wire on thermostat, tightened electrical connections, installed new air filter.",-120,0,299874,Mendiowza Mechanical LLC,Mendiowza Mechanical LLC,Mendiowza Mechanical LLC,16,0,,,2731 North Main Avenue,EFT
63242891,1,1/5/2026,#299901 2744 Main - Checked boiler and zone valves. Removed actuators and manually opened valves. Restored heat.,,#299901 2744 Main - Checked boiler and zone valves. Removed actuators and manually opened valves. Restored heat.,240,0,299901,Mendiowza Mechanical LLC,Mendiowza Mechanical LLC,Mendiowza Mechanical LLC,16,0,,,2723 N. Main,Bill
63248023,2,1/7/2026,299901 - #299901 2744 Main - Checked boiler and zone valves. Removed actuators and manually opened valves. Restored heat.,ONLINE,#299901 2744 Main - Checked boiler and zone valves. Removed actuators and manually opened valves. Restored heat.,-240,0,299901,Mendiowza Mechanical LLC,Mendiowza Mechanical LLC,Mendiowza Mechanical LLC,16,0,,,2723 N. Main,EFT
63287498,1,1/12/2026,#299901 2744 Main - Repair to boiler.,,#299901 2744 Main - Repair to boiler.,240,0,299901,Mendiowza Mechanical LLC,Mendiowza Mechanical LLC,Mendiowza Mechanical LLC,16,0,,,2723 N. Main,EFT
63292354,2,1/14/2026,299901 - #299901 2744 Main - Repair to boiler.,4997,#299901 2744 Main - Repair to boiler.,-240,0,299901,Mendiowza Mechanical LLC,Mendiowza Mechanical LLC,Mendiowza Mechanical LLC,16,0,,,2723 N. Main,EFT
63328597,1,1/20/2026,#10215 1414 Main - Diagnostic service. Storm drain and sewer line inspection due to basement flooding during heavy rain.,,#10215 1414 Main - Diagnostic service. Storm drain and sewer line inspection due to basement flooding during heavy rain.,385,0,10215,Mendoo Drain Special ,Mendoo Drain Special ,Mendoo Drain Special ,16,0,,,1414 North Main Street,Bill
63328607,1,1/20/2026,#10221 3221 Main - Diagnostic service. Video inspection of main sewer line to diagnose recurring backups.,,#10221 3221 Main - Diagnostic service. Video inspection of main sewer line to diagnose recurring backups.,325,0,10221,Mendoo Drain Special ,Mendoo Drain Special ,Mendoo Drain Special ,16,0,,,3221 North Main Avenue,Bill
63329710,2,1/21/2026,10221 - #10221 3221 Main - Diagnostic service. Video inspection of main sewer line to diagnose recurring backups.,1318,#10221 3221 Main - Diagnostic service. Video inspection of main sewer line to diagnose recurring backups.,-325,0,10221,Mendoo Drain Special ,Mendoo Drain Special ,Mendoo Drain Special ,16,0,,,3221 North Main Avenue,EFT
63329711,2,1/21/2026,10215 - #10215 1414 Main - Diagnostic service. Storm drain and sewer line inspection due to basement flooding during heavy rain.,4016,#10215 1414 Main - Diagnostic service. Storm drain and sewer line inspection due to basement flooding during heavy rain.,-385,0,10215,Mendoo Drain Special ,Mendoo Drain Special ,Mendoo Drain Special ,16,0,,,1414 North Main Street,EFT
62614336,1,10/28/2025,"#783972 1757 NORTH Main - 6"" INTERLOCK LATCH GUARD SL x2 and SCAR PLATE 218 3-1/2 OD 630 x1.",,"#783972 1757 NORTH Main - 6"" INTERLOCK LATCH GUARD SL x2 and SCAR PLATE 218 3-1/2 OD 630 x1.",24.23,0,783972,Noodles Hardware,Noodles Hardware,Noodles Hardware,16,0,,,1757 West North Main Avenue,Bill
62620510,8,10/29/2025,"783972 - #783972 1757 NORTH Main - 6"" INTERLOCK LATCH GUARD SL x2 and SCAR PLATE 218 3-1/2 OD 630 x1.",,"#783972 1757 NORTH Main - 6"" INTERLOCK LATCH GUARD SL x2 and SCAR PLATE 218 3-1/2 OD 630 x1.",-24.23,0,783972,Noodles Hardware,Noodles Hardware,Noodles Hardware,16,0,,,1757 West North Main Avenue,EFT
62711831,1,11/4/2025,"#785595 1507 Main - PLASTIC SHIMS (10 SHIMS/SHEET x2, 1"" BRASS RAD STEAM ANGLE VALVE x1, 04100 4"" ROUND MAGIC SLIDERS x1, 6"" 24T SAWZALL BLADE x1, 1-1/4"" RAD STEAM ANGLE VALVE x1 and ""D"" GORTON VAPOR EQUAL VALVE x2.",,"#785595 1507 Main - PLASTIC SHIMS (10 SHIMS/SHEET x2, 1"" BRASS RAD STEAM ANGLE VALVE x1, 04100 4"" ROUND MAGIC SLIDERS x1, 6"" 24T SAWZALL BLADE x1, 1-1/4"" RAD STEAM ANGLE VALVE x1 and ""D"" GORTON VAPOR EQUAL VALVE x2.",249.08,0,785595,Noodles Hardware,Noodles Hardware,Noodles Hardware,16,0,,,1507 West Main Avenue,Bill
62711832,1,11/4/2025,"#786156 1757 NORTH Main - #5 GORTON VAPOR EQUAL VALVE x4, 1"" BRASS RAD STEAM ANGLE VALVE x2 and 1-1/4"" RAD STEAM ANGLE VALVE x2.",,"#786156 1757 NORTH Main - #5 GORTON VAPOR EQUAL VALVE x4, 1"" BRASS RAD STEAM ANGLE VALVE x2 and 1-1/4"" RAD STEAM ANGLE VALVE x2.",370.35,0,786156,Noodles Hardware,Noodles Hardware,Noodles Hardware,16,0,,,1757 West North Main Avenue,Bill
62712862,8,11/4/2025,"785595 - #785595 1507 Main - PLASTIC SHIMS (10 SHIMS/SHEET x2, 1"" BRASS RAD STEAM ANGLE VALVE x1, 04100 4"" ROUND MAGIC SLIDERS x1, 6"" 24T SAWZALL BLADE x1, 1-1/4"" RAD STEAM ANGLE VALVE x1 and ""D"" GORTON VAPOR EQUAL VALVE x2.",,"#785595 1507 Main - PLASTIC SHIMS (10 SHIMS/SHEET x2, 1"" BRASS RAD STEAM ANGLE VALVE x1, 04100 4"" ROUND MAGIC SLIDERS x1, 6"" 24T SAWZALL BLADE x1, 1-1/4"" RAD STEAM ANGLE VALVE x1 and ""D"" GORTON VAPOR EQUAL VALVE x2.",-249.08,0,785595,Noodles Hardware,Noodles Hardware,Noodles Hardware,16,0,,,1507 West Main Avenue,Bill
62712874,8,11/4/2025,"786156 - #786156 1757 NORTH Main - #5 GORTON VAPOR EQUAL VALVE x4, 1"" BRASS RAD STEAM ANGLE VALVE x2 and 1-1/4"" RAD STEAM ANGLE VALVE x2.",,"#786156 1757 NORTH Main - #5 GORTON VAPOR EQUAL VALVE x4, 1"" BRASS RAD STEAM ANGLE VALVE x2 and 1-1/4"" RAD STEAM ANGLE VALVE x2.",-370.35,0,786156,Noodles Hardware,Noodles Hardware,Noodles Hardware,16,0,,,1757 West North Main Avenue,EFT
62793185,1,11/18/2025,"#788599 1757 NORTH Main - 1"" BRASS RAD STEAM ANGLE VALVE x1, 1-1/4"" RAD STEAM ANGLE VALVE x1, 883 MOEN CLIP / LAV TUB SHOWER x2, 1-1/2"" COPPER FITTING BRUSH X1, GAUGE SET x2, GAUGE GLASS WASHER x2, VAPOR EQUAL VALVE x3.",,"#788599 1757 NORTH Main - 1"" BRASS RAD STEAM ANGLE VALVE x1, 1-1/4"" RAD STEAM ANGLE VALVE x1, 883 MOEN CLIP / LAV TUB SHOWER x2, 1-1/2"" COPPER FITTING BRUSH X1, GAUGE SET x2, GAUGE GLASS WASHER x2, VAPOR EQUAL VALVE x3.",260.3,0,788599,Noodles Hardware,Noodles Hardware,Noodles Hardware,16,0,,,1757 West North Main Avenue,EFT
62793186,1,11/18/2025,"#789721 5526 Main - 1-1/4"" RAD STEAM ANGLE VALVE x1, 1-1/2"" RAD STEAM ANGLE VALVE x1, NUT FOR WATER GAUGE SET x2 and WASHERS FROM PLUMBING x2.",,"#789721 5526 Main - 1-1/4"" RAD STEAM ANGLE VALVE x1, 1-1/2"" RAD STEAM ANGLE VALVE x1, NUT FOR WATER GAUGE SET x2 and WASHERS FROM PLUMBING x2.",120.68,0,789721,Noodles Hardware,Noodles Hardware,Noodles Hardware,16,0,,,5526 North Main Avenue,EFT
62793458,8,11/18/2025,"789721 - #789721 5526 Main - 1-1/4"" RAD STEAM ANGLE VALVE x1, 1-1/2"" RAD STEAM ANGLE VALVE x1, NUT FOR WATER GAUGE SET x2 and WASHERS FROM PLUMBING x2.",,"#789721 5526 Main - 1-1/4"" RAD STEAM ANGLE VALVE x1, 1-1/2"" RAD STEAM ANGLE VALVE x1, NUT FOR WATER GAUGE SET x2 and WASHERS FROM PLUMBING x2.",-120.68,0,789721,Noodles Hardware,Noodles Hardware,Noodles Hardware,16,0,,,5526 North Main Avenue,Bill
62793471,8,11/18/2025,"788599 - #788599 1757 NORTH Main - 1"" BRASS RAD STEAM ANGLE VALVE x1, 1-1/4"" RAD STEAM ANGLE VALVE x1, 883 MOEN CLIP / LAV TUB SHOWER x2, 1-1/2"" COPPER FITTING BRUSH X1, GAUGE SET x2, GAUGE GLASS WASHER x2, VAPOR EQUAL VALVE x3.",,"#788599 1757 NORTH Main - 1"" BRASS RAD STEAM ANGLE VALVE x1, 1-1/4"" RAD STEAM ANGLE VALVE x1, 883 MOEN CLIP / LAV TUB SHOWER x2, 1-1/2"" COPPER FITTING BRUSH X1, GAUGE SET x2, GAUGE GLASS WASHER x2, VAPOR EQUAL VALVE x3.",-260.3,0,788599,Noodles Hardware,Noodles Hardware,Noodles Hardware,16,0,,,1757 West North Main Avenue,Bill
62956877,1,12/1/2025,#793306 5627 Main - Single cut key.,,#793306 5627 Main - Single cut key.,11.42,0,793306,Noodles Hardware,Noodles Hardware,Noodles Hardware,16,0,,,5627 North Main Avenue,EFT
62959864,8,12/3/2025,793306 - #793306 5627 Main - Single cut key.,,#793306 5627 Main - Single cut key.,-11.42,0,793306,Noodles Hardware,Noodles Hardware,Noodles Hardware,16,0,,,5627 North Main Avenue,EFT
63048047,1,12/15/2025,"#797377 1757 NORTHMain - 1-1/4"" RAD STEAM ANGLE VALVE x1 and ""C"" GORTON VAPOR EQUAL VALVE x1.",,"#797377 1757 NORTHMain - 1-1/4"" RAD STEAM ANGLE VALVE x1 and ""C"" GORTON VAPOR EQUAL VALVE x1.",97,0,797377,Noodles Hardware,Noodles Hardware,Noodles Hardware,16,0,,,1757 West North Main Avenue,Bill
63048048,1,12/15/2025,"#797382 2223 Main - 1-1/4"" RAD STEAM ANGLE VALVE x1 and 1"" BRASS RAD STEAM ANGLE VALVE x1.",,"#797382 2223 Main - 1-1/4"" RAD STEAM ANGLE VALVE x1 and 1"" BRASS RAD STEAM ANGLE VALVE x1.",85.97,0,797382,Noodles Hardware,Noodles Hardware,Noodles Hardware,16,0,,,2223 N. Main Ave,Bill
63048049,1,12/15/2025,"#797381 2939 Main - ""D"" GORTON VAPOR EQUAL VALVE x2.",,"#797381 2939 Main - ""D"" GORTON VAPOR EQUAL VALVE x2.",105.82,0,797381,Noodles Hardware,Noodles Hardware,Noodles Hardware,16,0,,,2939 West Main Avenue,Bill
63048050,1,12/15/2025,"#797372 4322 Main - LOCK LABOR x5, SCH COMBO PACK PLY CP 505 x2, 1-1/8"" SCH C MORT CYL US3 x1, MARKS 234 METRO ENT MORT LOCK LH x1, GLASS x1, WINDOW REPAIR LABOR x1 and GLASS x1.",,"#797372 4322 Main - LOCK LABOR x5, SCH COMBO PACK PLY CP 505 x2, 1-1/8"" SCH C MORT CYL US3 x1, MARKS 234 METRO ENT MORT LOCK LH x1, GLASS x1, WINDOW REPAIR LABOR x1 and GLASS x1.",422.81,0,797372,Noodles Hardware,Noodles Hardware,Noodles Hardware,16,0,,,4322 North Main Avenue,Bill
63048051,1,12/15/2025,"#797374 4856 Main - 1"" BRASS RAD STEAM ANGLE VALVE x2, 1-1/4X1 RED. BUSH BLK x1, 1-1/2X1-1/4 BUSH ,BK x1, 1-1/4 X 1 BLACK RED COUPLING x1, 1-1/2X1-1/4 CPLG,BK x1 and ""C"" GORTON VAPOR EQUAL VALVE x1.",,"#797374 4856 Main - 1"" BRASS RAD STEAM ANGLE VALVE x2, 1-1/4X1 RED. BUSH BLK x1, 1-1/2X1-1/4 BUSH ,BK x1, 1-1/4 X 1 BLACK RED COUPLING x1, 1-1/2X1-1/4 CPLG,BK x1 and ""C"" GORTON VAPOR EQUAL VALVE x1.",150.97,0,797374,Noodles Hardware,Noodles Hardware,Noodles Hardware,16,0,,,4856 N Main Ave,Bill
63048659,8,12/16/2025,"797382 - #797382 2223 Main - 1-1/4"" RAD STEAM ANGLE VALVE x1 and 1"" BRASS RAD STEAM ANGLE VALVE x1.",,"#797382 2223 Main - 1-1/4"" RAD STEAM ANGLE VALVE x1 and 1"" BRASS RAD STEAM ANGLE VALVE x1.",-85.97,0,797382,Noodles Hardware,Noodles Hardware,Noodles Hardware,16,0,,,2223 N. Main Ave,Bill
63048663,8,12/16/2025,"797381 - #797381 2939 Main - ""D"" GORTON VAPOR EQUAL VALVE x2.",,"#797381 2939 Main - ""D"" GORTON VAPOR EQUAL VALVE x2.",-105.82,0,797381,Noodles Hardware,Noodles Hardware,Noodles Hardware,16,0,,,2939 West Main Avenue,Bill
63048664,8,12/16/2025,"797374 - #797374 4856 Main - 1"" BRASS RAD STEAM ANGLE VALVE x2, 1-1/4X1 RED. BUSH BLK x1, 1-1/2X1-1/4 BUSH ,BK x1, 1-1/4 X 1 BLACK RED COUPLING x1, 1-1/2X1-1/4 CPLG,BK x1 and ""C"" GORTON VAPOR EQUAL VALVE x1.",,"#797374 4856 Main - 1"" BRASS RAD STEAM ANGLE VALVE x2, 1-1/4X1 RED. BUSH BLK x1, 1-1/2X1-1/4 BUSH ,BK x1, 1-1/4 X 1 BLACK RED COUPLING x1, 1-1/2X1-1/4 CPLG,BK x1 and ""C"" GORTON VAPOR EQUAL VALVE x1.",-150.97,0,797374,Noodles Hardware,Noodles Hardware,Noodles Hardware,16,0,,,4856 N Main Ave,EFT
63048671,8,12/16/2025,"797377 - #797377 1757 NORTHMain - 1-1/4"" RAD STEAM ANGLE VALVE x1 and ""C"" GORTON VAPOR EQUAL VALVE x1.",,"#797377 1757 NORTHMain - 1-1/4"" RAD STEAM ANGLE VALVE x1 and ""C"" GORTON VAPOR EQUAL VALVE x1.",-97,0,797377,Noodles Hardware,Noodles Hardware,Noodles Hardware,16,0,,,1757 West North Main Avenue,EFT
63048672,8,12/16/2025,"797372 - #797372 4322 Main - LOCK LABOR x5, SCH COMBO PACK PLY CP 505 x2, 1-1/8"" SCH C MORT CYL US3 x1, MARKS 234 METRO ENT MORT LOCK LH x1, GLASS x1, WINDOW REPAIR LABOR x1 and GLASS x1.",,"#797372 4322 Main - LOCK LABOR x5, SCH COMBO PACK PLY CP 505 x2, 1-1/8"" SCH C MORT CYL US3 x1, MARKS 234 METRO ENT MORT LOCK LH x1, GLASS x1, WINDOW REPAIR LABOR x1 and GLASS x1.",-422.81,0,797372,Noodles Hardware,Noodles Hardware,Noodles Hardware,16,0,,,4322 North Main Avenue,EFT
63098037,1,12/22/2025,"#797553 1757 NORTH Main - 1-1/4"" RAD STEAM ANGLE VALVE x2, #5 GORTON VAPOR EQUAL VALVE x2 and 1/8 X 2 BLACK NIPPLE x1.",,"#797553 1757 NORTH Main - 1-1/4"" RAD STEAM ANGLE VALVE x2, #5 GORTON VAPOR EQUAL VALVE x2 and 1/8 X 2 BLACK NIPPLE x1.",195.31,0,797553,Noodles Hardware,Noodles Hardware,Noodles Hardware,16,0,,,1757 West North Main Avenue,Check 210
63098039,1,12/22/2025,"#797943 5627 Main - BLACK VERT WALL MAILBOX LOCKING x2, 1-1/4"" RAD STEAM ANGLE VALVE x2, ""C"" GORTON VAPOR EQUAL VALVE x4 and 1/8 BLK STEEL COUPLING x1.",,"#797943 5627 Main - BLACK VERT WALL MAILBOX LOCKING x2, 1-1/4"" RAD STEAM ANGLE VALVE x2, ""C"" GORTON VAPOR EQUAL VALVE x4 and 1/8 BLK STEEL COUPLING x1.",368.36,0,797943,Noodles Hardware,Noodles Hardware,Noodles Hardware,16,0,,,5627 North Main Avenue,Check 210
63135239,8,12/29/2025,"797943 - #797943 5627 Main - BLACK VERT WALL MAILBOX LOCKING x2, 1-1/4"" RAD STEAM ANGLE VALVE x2, ""C"" GORTON VAPOR EQUAL VALVE x4 and 1/8 BLK STEEL COUPLING x1.",,"#797943 5627 Main - BLACK VERT WALL MAILBOX LOCKING x2, 1-1/4"" RAD STEAM ANGLE VALVE x2, ""C"" GORTON VAPOR EQUAL VALVE x4 and 1/8 BLK STEEL COUPLING x1.",-368.36,0,797943,Noodles Hardware,Noodles Hardware,Noodles Hardware,16,0,,,5627 North Main Avenue,EFT
63135282,8,12/29/2025,"797553 - #797553 1757 NORTH Main - 1-1/4"" RAD STEAM ANGLE VALVE x2, #5 GORTON VAPOR EQUAL VALVE x2 and 1/8 X 2 BLACK NIPPLE x1.",,"#797553 1757 NORTH Main - 1-1/4"" RAD STEAM ANGLE VALVE x2, #5 GORTON VAPOR EQUAL VALVE x2 and 1/8 X 2 BLACK NIPPLE x1.",-195.31,0,797553,Noodles Hardware,Noodles Hardware,Noodles Hardware,16,0,,,1757 West North Main Avenue,Bill
63242865,1,1/5/2026,"#799392 5627 Main - 1"" EXTENSION RISER x1.",,"#799392 5627 Main - 1"" EXTENSION RISER x1.",11.01,0,799392,Noodles Hardware,Noodles Hardware,Noodles Hardware,16,0,,,5627 North Main Avenue,Bill
63243845,8,1/6/2026,"799392 - #799392 5627 Main - 1"" EXTENSION RISER x1.",,"#799392 5627 Main - 1"" EXTENSION RISER x1.",-11.01,0,799392,Noodles Hardware,Noodles Hardware,Noodles Hardware,16,0,,,5627 North Main Avenue,EFT
63287468,1,1/12/2026,#801955 1023 Main - 1/4 LEXAN - 60 X 60-1/2 x1 and FUEL SURCHARGE x1.,,#801955 1023 Main - 1/4 LEXAN - 60 X 60-1/2 x1 and FUEL SURCHARGE x1.,419.44,0,801955,Noodles Hardware,Noodles Hardware,Noodles Hardware,16,0,,,1023 N. Main Ave.,EFT
63287469,1,1/12/2026,"#801421 1507 Main - ""D"" GORTON VAPOR EQUAL VALVE x4.",,"#801421 1507 Main - ""D"" GORTON VAPOR EQUAL VALVE x4.",211.64,0,801421,Noodles Hardware,Noodles Hardware,Noodles Hardware,16,0,,,1507 N. Main,EFT
63287470,1,1/12/2026,"#801774 4435 Main - PLASTIC SHIMS x3, 1-1/4"" RAD STEAM ANGLE VALVE x4, 1"" BRASS RAD STEAM ANGLE VALVE x1, 1"" EXTENSION RISER x2, 1-1/4 BLACK MALL EXT PIECE x2, VAPOR EQUAL VALVE x8.",,"#801774 4435 Main - PLASTIC SHIMS x3, 1-1/4"" RAD STEAM ANGLE VALVE x4, 1"" BRASS RAD STEAM ANGLE VALVE x1, 1"" EXTENSION RISER x2, 1-1/4 BLACK MALL EXT PIECE x2, VAPOR EQUAL VALVE x8.",690.51,0,801774,Noodles Hardware,Noodles Hardware,Noodles Hardware,16,0,,,4435 North Main Street,EFT
63287471,1,1/12/2026,"#801420 4856 Main - 30X72 W CRDLS MINI BLIND x1, 43X72 W CRDLS MINI BLIND x1, LEAK STOPPER x1, VAPOR EQUAL VALVE x2, RAD STEAM ANGLE VALVE x1 and 1"" BRASS RAD STEAM ANGLE VALVE x1.",,"#801420 4856 Main - 30X72 W CRDLS MINI BLIND x1, 43X72 W CRDLS MINI BLIND x1, LEAK STOPPER x1, VAPOR EQUAL VALVE x2, RAD STEAM ANGLE VALVE x1 and 1"" BRASS RAD STEAM ANGLE VALVE x1.",250.85,0,801420,Noodles Hardware,Noodles Hardware,Noodles Hardware,16,0,,,4856 N Main Ave,EFT
63292446,8,1/14/2026,"801774 - #801774 4435 Main - PLASTIC SHIMS x3, 1-1/4"" RAD STEAM ANGLE VALVE x4, 1"" BRASS RAD STEAM ANGLE VALVE x1, 1"" EXTENSION RISER x2, 1-1/4 BLACK MALL EXT PIECE x2, VAPOR EQUAL VALVE x8.",,"#801774 4435 Main - PLASTIC SHIMS x3, 1-1/4"" RAD STEAM ANGLE VALVE x4, 1"" BRASS RAD STEAM ANGLE VALVE x1, 1"" EXTENSION RISER x2, 1-1/4 BLACK MALL EXT PIECE x2, VAPOR EQUAL VALVE x8.",-690.51,0,801774,Noodles Hardware,Noodles Hardware,Noodles Hardware,16,0,,,4435 North Main Street,Check 118
63292456,8,1/14/2026,"801421 - #801421 1507 Main - ""D"" GORTON VAPOR EQUAL VALVE x4.",,"#801421 1507 Main - ""D"" GORTON VAPOR EQUAL VALVE x4.",-211.64,0,801421,Noodles Hardware,Noodles Hardware,Noodles Hardware,16,0,,,1507 N. Main,Bill
63292457,8,1/14/2026,801955 - #801955 1023 Main - 1/4 LEXAN - 60 X 60-1/2 x1 and FUEL SURCHARGE x1.,,#801955 1023 Main - 1/4 LEXAN - 60 X 60-1/2 x1 and FUEL SURCHARGE x1.,-419.44,0,801955,Noodles Hardware,Noodles Hardware,Noodles Hardware,16,0,,,1023 N. Main Ave.,Bill
63292467,8,1/14/2026,"801420 - #801420 4856 Main - 30X72 W CRDLS MINI BLIND x1, 43X72 W CRDLS MINI BLIND x1, LEAK STOPPER x1, VAPOR EQUAL VALVE x2, RAD STEAM ANGLE VALVE x1 and 1"" BRASS RAD STEAM ANGLE VALVE x1.",,"#801420 4856 Main - 30X72 W CRDLS MINI BLIND x1, 43X72 W CRDLS MINI BLIND x1, LEAK STOPPER x1, VAPOR EQUAL VALVE x2, RAD STEAM ANGLE VALVE x1 and 1"" BRASS RAD STEAM ANGLE VALVE x1.",-250.85,0,801420,Noodles Hardware,Noodles Hardware,Noodles Hardware,16,0,,,4856 N Main Ave,Bill
63328579,1,1/20/2026,"#799343 1507 Main - PLASTIC SHIMS (10 SHIMS/SHEET) x3, ""D"" GORTON VAPOR EQUAL VALVE x4 and 3 SCREW RADIATOR HANDLE x1.",,"#799343 1507 Main - PLASTIC SHIMS (10 SHIMS/SHEET) x3, ""D"" GORTON VAPOR EQUAL VALVE x4 and 3 SCREW RADIATOR HANDLE x1.",233.64,0,799343,Noodles Hardware,Noodles Hardware,Noodles Hardware,16,0,,,1507 N. Main,Bill
63328582,1,1/20/2026,"#803399 3830 Main PARK - 1/2"" WATER GAUGE SET/ IMPORT x1.",,"#803399 3830 Main PARK - 1/2"" WATER GAUGE SET/ IMPORT x1.",55.11,0,803399,Noodles Hardware,Noodles Hardware,Noodles Hardware,16,0,,,3830 W. Main Park,Bill
63328584,1,1/20/2026,"#799341 5627 Main - 1 X 6 X 8 LUMBER x1, LUMBER CUTS x2 and WOOD LATH BY THE PIECE x2.",,"#799341 5627 Main - 1 X 6 X 8 LUMBER x1, LUMBER CUTS x2 and WOOD LATH BY THE PIECE x2.",13.89,0,799341,Noodles Hardware,Noodles Hardware,Noodles Hardware,16,0,,,5627 North Main Avenue,Bill
63329637,8,1/21/2026,"799341 - #799341 5627 Main - 1 X 6 X 8 LUMBER x1, LUMBER CUTS x2 and WOOD LATH BY THE PIECE x2.",,"#799341 5627 Main - 1 X 6 X 8 LUMBER x1, LUMBER CUTS x2 and WOOD LATH BY THE PIECE x2.",-13.89,0,799341,Noodles Hardware,Noodles Hardware,Noodles Hardware,16,0,,,5627 North Main Avenue,EFT
63329642,8,1/21/2026,"803399 - #803399 3830 Main PARK - 1/2"" WATER GAUGE SET/ IMPORT x1.",,"#803399 3830 Main PARK - 1/2"" WATER GAUGE SET/ IMPORT x1.",-55.11,0,803399,Noodles Hardware,Noodles Hardware,Noodles Hardware,16,0,,,3830 W. Main Park,EFT
63329645,8,1/21/2026,"799343 - #799343 1507 Main - PLASTIC SHIMS (10 SHIMS/SHEET) x3, ""D"" GORTON VAPOR EQUAL VALVE x4 and 3 SCREW RADIATOR HANDLE x1.",,"#799343 1507 Main - PLASTIC SHIMS (10 SHIMS/SHEET) x3, ""D"" GORTON VAPOR EQUAL VALVE x4 and 3 SCREW RADIATOR HANDLE x1.",-233.64,0,799343,Noodles Hardware,Noodles Hardware,Noodles Hardware,16,0,,,1507 N. Main,EFT
62614321,1,10/28/2025,#2651161 1539 Main BLDG - Monthly pest control of common areas.,,#2651161 1539 Main BLDG - Monthly pest control of common areas.,85,0,2651161,Wednesday Pest Control,Wednesday Pest Control,Wednesday Pest Control,16,0,,,1539 West Main Street,Bill
62614322,1,10/28/2025,#2651354 1706 Main BLDG - Pest control.,,#2651354 1706 Main BLDG - Pest control.,105,0,2651354,Wednesday Pest Control,Wednesday Pest Control,Wednesday Pest Control,16,0,,,1706 Main Avenue,Bill
62614323,1,10/28/2025,#2651812 1846 Main BLDG - Pest control.,,#2651812 1846 Main BLDG - Pest control.,120,0,2651812,Wednesday Pest Control,Wednesday Pest Control,Wednesday Pest Control,16,0,,,1846 South Main Street,Bill
62614324,1,10/28/2025,#2651259 2255 Main BLDG - Monthly pest control of common areas.,,#2651259 2255 Main BLDG - Monthly pest control of common areas.,80,0,2651259,Wednesday Pest Control,Wednesday Pest Control,Wednesday Pest Control,16,0,,,2255 South Main Street,Bill
62614325,1,10/28/2025,#2651189 2625-27 Main BLDG - Monthly pest control of common areas.,,#2651189 2625-27 Main BLDG - Monthly pest control of common areas.,60,0,2651189,Wednesday Pest Control,Wednesday Pest Control,Wednesday Pest Control,16,0,,,2625 N. Main,Bill
62614326,1,10/28/2025,#2650047 2718 Main 1 - Bed bug treatment.,,#2650047 2718 Main 1 - Bed bug treatment.,225,0,2650047,Wednesday Pest Control,Wednesday Pest Control,Wednesday Pest Control,16,0,,,2716 West Main Avenue,Bill
62614327,1,10/28/2025,"#2651000 2716-24 Main (2718-2, 2722-1, 2718-B) - Clover inspection for bed bugs.",,"#2651000 2716-24 Main (2718-2, 2722-1, 2718-B) - Clover inspection for bed bugs.",180,0,2651000,Wednesday Pest Control,Wednesday Pest Control,Wednesday Pest Control,16,0,,,2716 West Main Avenue,Bill
62614328,1,10/28/2025,#2651582 3221 Main BLDG - Pest control.,,#2651582 3221 Main BLDG - Pest control.,84,0,2651582,Wednesday Pest Control,Wednesday Pest Control,Wednesday Pest Control,16,0,,,3221 North Main Avenue,Bill
62614329,1,10/28/2025,#2651080 3318-20 Main BLDG - Pest control.,,#2651080 3318-20 Main BLDG - Pest control.,75,0,2651080,Wednesday Pest Control,Wednesday Pest Control,Wednesday Pest Control,16,0,,,3318 North Main Avenue,Bill
62614330,1,10/28/2025,"#2651205 6901-17 Main BLDG - Monthly pest control of common areas, and 19 units.",,"#2651205 6901-17 Main BLDG - Monthly pest control of common areas, and 19 units.",480,0,2651205,Wednesday Pest Control,Wednesday Pest Control,Wednesday Pest Control,16,0,,,6901 S Main Ave,Bill
62614331,1,10/28/2025,#2651213 6949-59 Main BLDG - Monthly pest control of common areas and 6 units.,,#2651213 6949-59 Main BLDG - Monthly pest control of common areas and 6 units.,220,0,2651213,Wednesday Pest Control,Wednesday Pest Control,Wednesday Pest Control,16,0,,,6949 S Main Ave,Bill
62614332,1,10/28/2025,#2651609 731 Main BLDG - Pest control.,,#2651609 731 Main BLDG - Pest control.,105,0,2651609,Wednesday Pest Control,Wednesday Pest Control,Wednesday Pest Control,16,0,,,731 W. Main Ave.,Bill
62614334,1,10/28/2025,#2651349 815 Main BLDG - Monthly pest control of common areas.,,#2651349 815 Main BLDG - Monthly pest control of common areas.,70,0,2651349,Wednesday Pest Control,Wednesday Pest Control,Wednesday Pest Control,16,0,,,815 North Main Avenue,Bill
62620501,8,10/29/2025,Multiple bills,,#2651812 1846 Main BLDG - Pest control.,-120,0,2651812,Wednesday Pest Control,Wednesday Pest Control,Wednesday Pest Control,16,0,,,1846 South Main Street,Bill
62620501,8,10/29/2025,Multiple bills,,#2651259 2255 Main BLDG - Monthly pest control of common areas.,-80,0,2651259,Wednesday Pest Control,Wednesday Pest Control,Wednesday Pest Control,16,0,,,2255 South Main Street,EFT
62620501,8,10/29/2025,Multiple bills,,"#2651000 2716-24 Main (2718-2, 2722-1, 2718-B) - Clover inspection for bed bugs.",-180,0,2651000,Wednesday Pest Control,Wednesday Pest Control,Wednesday Pest Control,16,0,,,2716 West Main Avenue,EFT
62620501,8,10/29/2025,Multiple bills,,#2650047 2718 Main 1 - Bed bug treatment.,-225,0,2650047,Wednesday Pest Control,Wednesday Pest Control,Wednesday Pest Control,16,0,,,2716 West Main Avenue,EFT
62620501,8,10/29/2025,Multiple bills,,#2651582 3221 Main BLDG - Pest control.,-84,0,2651582,Wednesday Pest Control,Wednesday Pest Control,Wednesday Pest Control,16,0,,,3221 North Main Avenue,EFT
62620501,8,10/29/2025,Multiple bills,,#2651080 3318-20 Main BLDG - Pest control.,-75,0,2651080,Wednesday Pest Control,Wednesday Pest Control,Wednesday Pest Control,16,0,,,3318 North Main Avenue,EFT
62620501,8,10/29/2025,Multiple bills,,#2651609 731 Main BLDG - Pest control.,-105,0,2651609,Wednesday Pest Control,Wednesday Pest Control,Wednesday Pest Control,16,0,,,731 W. Main Ave.,EFT
62620503,8,10/29/2025,Multiple bills,,#2651189 2625-27 Main BLDG - Monthly pest control of common areas.,-60,0,2651189,Wednesday Pest Control,Wednesday Pest Control,Wednesday Pest Control,16,0,,,2625 N. Main,EFT
62620503,8,10/29/2025,Multiple bills,,#2651213 6949-59 Main BLDG - Monthly pest control of common areas and 6 units.,-220,0,2651213,Wednesday Pest Control,Wednesday Pest Control,Wednesday Pest Control,16,0,,,6949 S Main Ave,EFT
62620508,8,10/29/2025,2651349 - #2651349 815 Main BLDG - Monthly pest control of common areas.,,#2651349 815 Main BLDG - Monthly pest control of common areas.,-70,0,2651349,Wednesday Pest Control,Wednesday Pest Control,Wednesday Pest Control,16,0,,,815 North Main Avenue,EFT
62620509,8,10/29/2025,2651354 - #2651354 1706 Main BLDG - Pest control.,,#2651354 1706 Main BLDG - Pest control.,-105,0,2651354,Wednesday Pest Control,Wednesday Pest Control,Wednesday Pest Control,16,0,,,1706 Main Avenue,EFT
62620512,8,10/29/2025,2651161 - #2651161 1539 Main BLDG - Monthly pest control of common areas.,,#2651161 1539 Main BLDG - Monthly pest control of common areas.,-85,0,2651161,Wednesday Pest Control,Wednesday Pest Control,Wednesday Pest Control,16,0,,,1539 West Main Street,EFT
62623579,8,10/29/2025,"2651205 - #2651205 6901-17 Main BLDG - Monthly pest control of common areas, and 19 units.",,"#2651205 6901-17 Main BLDG - Monthly pest control of common areas, and 19 units.",-480,0,2651205,Wednesday Pest Control,Wednesday Pest Control,Wednesday Pest Control,16,0,,,6901 S Main Ave,EFT
62711806,1,11/4/2025,#2652542 1845 Main BLDG - Pest control.,,#2652542 1845 Main BLDG - Pest control.,115,0,2652542,Wednesday Pest Control,Wednesday Pest Control,Wednesday Pest Control,16,0,,,1845 West Main Boulevard,EFT
62711807,1,11/4/2025,#2652281 2033 Main BLDG - Pest control.,,#2652281 2033 Main BLDG - Pest control.,70,0,2652281,Wednesday Pest Control,Wednesday Pest Control,Wednesday Pest Control,16,0,,,2033 North Main Avenue,EFT
62711808,1,11/4/2025,#2651457 2048 Main BLDG - Pest control.,,#2651457 2048 Main BLDG - Pest control.,160,0,2651457,Wednesday Pest Control,Wednesday Pest Control,Wednesday Pest Control,16,0,,,2048 North Main Avenue,EFT
62711809,1,11/4/2025,#2652022 2049 Main BLDG - Common area pest control plus 2 units.,,#2652022 2049 Main BLDG - Common area pest control plus 2 units.,30,0,2652022,Wednesday Pest Control,Wednesday Pest Control,Wednesday Pest Control,16,0,,,2049 West Main Street,EFT
62711810,1,11/4/2025,#2652096 2342 Main BLDG - Monthly pest control of common areas.,,#2652096 2342 Main BLDG - Monthly pest control of common areas.,75,0,2652096,Wednesday Pest Control,Wednesday Pest Control,Wednesday Pest Control,16,0,,,2342 N. Main Terrace,EFT
62711811,1,11/4/2025,#2652663 2939-41 Main BLDG - Pest control.,,#2652663 2939-41 Main BLDG - Pest control.,75,0,2652663,Wednesday Pest Control,Wednesday Pest Control,Wednesday Pest Control,16,0,,,2939 West Main Avenue,EFT
62711812,1,11/4/2025,#2652097 3214 Main BLDG - Common area pest control.,,#2652097 3214 Main BLDG - Common area pest control.,105,0,2652097,Wednesday Pest Control,Wednesday Pest Control,Wednesday Pest Control,16,0,,,3214 South Main Avenue,EFT
62711813,1,11/4/2025,#2652149 5864 Main BLDG - Pest control.,,#2652149 5864 Main BLDG - Pest control.,70,0,2652149,Wednesday Pest Control,Wednesday Pest Control,Wednesday Pest Control,16,0,,,5864 North Main Avenue,EFT
62711814,1,11/4/2025,#2651928 959 Main BLDG - Common area pest control.,,#2651928 959 Main BLDG - Common area pest control.,160,0,2651928,Wednesday Pest Control,Wednesday Pest Control,Wednesday Pest Control,16,0,,,959 North Main Avenue,EFT
62712861,8,11/4/2025,Multiple bills,,#2651457 2048 Main BLDG - Pest control.,-160,0,2651457,Wednesday Pest Control,Wednesday Pest Control,Wednesday Pest Control,16,0,,,2048 North Main Avenue,Bill
62712861,8,11/4/2025,Multiple bills,,#2652096 2342 Main BLDG - Monthly pest control of common areas.,-75,0,2652096,Wednesday Pest Control,Wednesday Pest Control,Wednesday Pest Control,16,0,,,2342 N. Main Terrace,Bill
62712861,8,11/4/2025,Multiple bills,,#2652097 3214 Main BLDG - Common area pest control.,-105,0,2652097,Wednesday Pest Control,Wednesday Pest Control,Wednesday Pest Control,16,0,,,3214 South Main Avenue,Bill
62712861,8,11/4/2025,Multiple bills,,#2652149 5864 Main BLDG - Pest control.,-70,0,2652149,Wednesday Pest Control,Wednesday Pest Control,Wednesday Pest Control,16,0,,,5864 North Main Avenue,Bill
62712867,8,11/4/2025,2652663 - #2652663 2939-41 Main BLDG - Pest control.,,#2652663 2939-41 Main BLDG - Pest control.,-75,0,2652663,Wednesday Pest Control,Wednesday Pest Control,Wednesday Pest Control,16,0,,,2939 West Main Avenue,Bill
62712869,8,11/4/2025,2652281 - #2652281 2033 Main BLDG - Pest control.,,#2652281 2033 Main BLDG - Pest control.,-70,0,2652281,Wednesday Pest Control,Wednesday Pest Control,Wednesday Pest Control,16,0,,,2033 North Main Avenue,Bill
62712871,8,11/4/2025,2652022 - #2652022 2049 Main BLDG - Common area pest control plus 2 units.,,#2652022 2049 Main BLDG - Common area pest control plus 2 units.,-30,0,2652022,Wednesday Pest Control,Wednesday Pest Control,Wednesday Pest Control,16,0,,,2049 West Main Street,Bill
62712872,8,11/4/2025,2652542 - #2652542 1845 Main BLDG - Pest control.,,#2652542 1845 Main BLDG - Pest control.,-115,0,2652542,Wednesday Pest Control,Wednesday Pest Control,Wednesday Pest Control,16,0,,,1845 West Main Boulevard,Bill
62712873,8,11/4/2025,2651928 - #2651928 959 Main BLDG - Common area pest control.,,#2651928 959 Main BLDG - Common area pest control.,-160,0,2651928,Wednesday Pest Control,Wednesday Pest Control,Wednesday Pest Control,16,0,,,959 North Main Avenue,EFT
62760000,1,11/11/2025,#2653130 1355 Main BLDG - Pest control.,,#2653130 1355 Main BLDG - Pest control.,100,0,2653130,Wednesday Pest Control,Wednesday Pest Control,Wednesday Pest Control,16,0,,,1355 W. Main,EFT
62760001,1,11/11/2025,"#2652886 2200 Main BLDG - Pest control, common area quarterly.",,"#2652886 2200 Main BLDG - Pest control, common area quarterly.",120,0,2652886,Wednesday Pest Control,Wednesday Pest Control,Wednesday Pest Control,16,0,,,2200 West Main Avenue,EFT
62760002,1,11/11/2025,"#2653408 2226 Main BLDG - Pest control, common areas.",,"#2653408 2226 Main BLDG - Pest control, common areas.",74,0,2653408,Wednesday Pest Control,Wednesday Pest Control,Wednesday Pest Control,16,0,,,2226 W. Main,EFT
62760003,1,11/11/2025,#2652793 2322 Main BLDG - Pest control.,,#2652793 2322 Main BLDG - Pest control.,70,0,2652793,Wednesday Pest Control,Wednesday Pest Control,Wednesday Pest Control,16,0,,,2322 West Main Avenue,EFT
62760004,1,11/11/2025,"#2653478 2400 Main BLDG - Pest control, common areas.",,"#2653478 2400 Main BLDG - Pest control, common areas.",74,0,2653623,Wednesday Pest Control,Wednesday Pest Control,Wednesday Pest Control,16,0,,,2400 S. Main St.,EFT
62760005,1,11/11/2025,"#2653478 2438 Main BLDG - Pest control, common areas.",,"#2653478 2438 Main BLDG - Pest control, common areas.",120,0,2653478,Wednesday Pest Control,Wednesday Pest Control,Wednesday Pest Control,16,0,,,2438 West Main Street,EFT
62760006,1,11/11/2025,#2653090 2455 Main BLDG - Pest control.,,#2653090 2455 Main BLDG - Pest control.,75,0,2653090,Wednesday Pest Control,Wednesday Pest Control,Wednesday Pest Control,16,0,,,2455 N. Main Ave,EFT
62760007,1,11/11/2025,"#2653528 3746 Main BLDG - Pest control, common areas.",,"#2653528 3746 Main BLDG - Pest control, common areas.",105,0,2653528,Wednesday Pest Control,Wednesday Pest Control,Wednesday Pest Control,16,0,,,3746 West Main Avenue,EFT
62760008,1,11/11/2025,"#2652872 4220 Main BLDG - Pest control, common area monthly.",,"#2652872 4220 Main BLDG - Pest control, common area monthly.",60,0,2652872,Wednesday Pest Control,Wednesday Pest Control,Wednesday Pest Control,16,0,,,4220 West Main Avenue,EFT
62760009,1,11/11/2025,"#2652761 4734-36 Main BLDG - Pest control, common area monthly for both properties.",,"#2652761 4734-36 Main BLDG - Pest control, common area monthly for both properties.",85,0,2652761,Wednesday Pest Control,Wednesday Pest Control,Wednesday Pest Control,16,0,,,4734 South Main Avenue,EFT
62760010,1,11/11/2025,"#2652946 6901 Main BLDG - Pest control, common areas plus 12 unit.",,"#2652946 6901 Main BLDG - Pest control, common areas plus 12 unit.",180,0,2652946,Wednesday Pest Control,Wednesday Pest Control,Wednesday Pest Control,16,0,,,6901 S Main Ave,EFT
62760011,1,11/11/2025,"#2652953 6949 Main BLDG - Pest control, common areas plus 4 units.",,"#2652953 6949 Main BLDG - Pest control, common areas plus 4 units.",60,0,2652953,Wednesday Pest Control,Wednesday Pest Control,Wednesday Pest Control,16,0,,,6949 S Main Ave,EFT
62760012,1,11/11/2025,"#2653641 950 Main CH - Pest control, common areas.",,"#2653641 950 Main CH - Pest control, common areas.",65,0,2653641,Wednesday Pest Control,Wednesday Pest Control,Wednesday Pest Control,16,0,,,950 North Main Street,EFT
62763478,8,11/12/2025,Multiple bills,,"#2652886 2200 Main BLDG - Pest control, common area quarterly.",-120,0,2652886,Wednesday Pest Control,Wednesday Pest Control,Wednesday Pest Control,16,0,,,2200 West Main Avenue,Bill
62763478,8,11/12/2025,Multiple bills,,"#2653478 2438 Main BLDG - Pest control, common areas.",-120,0,2653478,Wednesday Pest Control,Wednesday Pest Control,Wednesday Pest Control,16,0,,,2438 West Main Street,Bill
62763478,8,11/12/2025,Multiple bills,,"#2652872 4220 Main BLDG - Pest control, common area monthly.",-60,0,2652872,Wednesday Pest Control,Wednesday Pest Control,Wednesday Pest Control,16,0,,,4220 West Main Avenue,Bill
62763478,8,11/12/2025,Multiple bills,,"#2652761 4734-36 Main BLDG - Pest control, common area monthly for both properties.",-85,0,2652761,Wednesday Pest Control,Wednesday Pest Control,Wednesday Pest Control,16,0,,,4734 South Main Avenue,Bill
62763478,8,11/12/2025,Multiple bills,,"#2653641 950 Main CH - Pest control, common areas.",-65,0,2653641,Wednesday Pest Control,Wednesday Pest Control,Wednesday Pest Control,16,0,,,950 North Main Street,Bill
62763480,8,11/12/2025,Multiple bills,,#2653130 1355 Main BLDG - Pest control.,-100,0,2653130,Wednesday Pest Control,Wednesday Pest Control,Wednesday Pest Control,16,0,,,1355 W. Main,Bill
62763480,8,11/12/2025,Multiple bills,,#2653090 2455 Main BLDG - Pest control.,-75,0,2653090,Wednesday Pest Control,Wednesday Pest Control,Wednesday Pest Control,16,0,,,2455 N. Main Ave,Bill
62763482,8,11/12/2025,Multiple bills,,"#2652946 6901 Main BLDG - Pest control, common areas plus 12 unit.",-180,0,2652946,Wednesday Pest Control,Wednesday Pest Control,Wednesday Pest Control,16,0,,,6901 S Main Ave,Bill
62763482,8,11/12/2025,Multiple bills,,"#2652953 6949 Main BLDG - Pest control, common areas plus 4 units.",-60,0,2652953,Wednesday Pest Control,Wednesday Pest Control,Wednesday Pest Control,16,0,,,6949 S Main Ave,Bill
62763486,8,11/12/2025,"2653408 - #2653408 2226 Main BLDG - Pest control, common areas.",,"#2653408 2226 Main BLDG - Pest control, common areas.",-74,0,2653408,Wednesday Pest Control,Wednesday Pest Control,Wednesday Pest Control,16,0,,,2226 W. Main,Bill
62763489,8,11/12/2025,2652793 - #2652793 2322 Main BLDG - Pest control.,,#2652793 2322 Main BLDG - Pest control.,-70,0,2652793,Wednesday Pest Control,Wednesday Pest Control,Wednesday Pest Control,16,0,,,2322 West Main Avenue,Bill
62763491,8,11/12/2025,"2653528 - #2653528 3746 Main BLDG - Pest control, common areas.",,"#2653528 3746 Main BLDG - Pest control, common areas.",-105,0,2653528,Wednesday Pest Control,Wednesday Pest Control,Wednesday Pest Control,16,0,,,3746 West Main Avenue,EFT
62793168,1,11/18/2025,"#2654187 1235 Main BLDG - Pest control, common area monthly.",,"#2654187 1235 Main BLDG - Pest control, common area monthly.",74,0,2654187,Wednesday Pest Control,Wednesday Pest Control,Wednesday Pest Control,16,0,,,1235 W. Main Street,EFT
62793169,1,11/18/2025,"#2654203 1743 Main BLDG - Pest control, common area quarterly.",,"#2654203 1743 Main BLDG - Pest control, common area quarterly.",135,0,2654203,Wednesday Pest Control,Wednesday Pest Control,Wednesday Pest Control,16,0,,,1743 W. Main,EFT
62793170,1,11/18/2025,"#2654101 1757 NORTH Main BLDG - Pest control, common area.",,"#2654101 1757 NORTH Main BLDG - Pest control, common area.",160,0,2654101,Wednesday Pest Control,Wednesday Pest Control,Wednesday Pest Control,16,0,,,1757 West North Main Avenue,EFT
62793171,1,11/18/2025,"#2654209 1953 Main BLDG - Pest control, common area every other month.",,"#2654209 1953 Main BLDG - Pest control, common area every other month.",130,0,2654209,Wednesday Pest Control,Wednesday Pest Control,Wednesday Pest Control,16,0,,,1953 West Main Avenue,EFT
62793172,1,11/18/2025,"#2654264 2049 Main BLDG - Pest control, common area twice a month.",,"#2654264 2049 Main BLDG - Pest control, common area twice a month.",170,0,2654264,Wednesday Pest Control,Wednesday Pest Control,Wednesday Pest Control,16,0,,,2049 West Main Street,EFT
62793174,1,11/18/2025,"#2654059 2716-24 Main BLDG - Pest control, common area monthly plus 2 units.",,"#2654059 2716-24 Main BLDG - Pest control, common area monthly plus 2 units.",95,0,2654059,Wednesday Pest Control,Wednesday Pest Control,Wednesday Pest Control,16,0,,,2716 West Main Avenue,EFT
62793175,1,11/18/2025,"#2654557 3104-06 Main BLDG - Pest control monthly, common area.",,"#2654557 3104-06 Main BLDG - Pest control monthly, common area.",94,0,2654557,Wednesday Pest Control,Wednesday Pest Control,Wednesday Pest Control,16,0,,,3104 North Main Ave.,EFT
62793176,1,11/18/2025,"#2653844 3734-38 Main BLDG - Pest control, common area.",,"#2653844 3734-38 Main BLDG - Pest control, common area.",75,0,2653844,Wednesday Pest Control,Wednesday Pest Control,Wednesday Pest Control,16,0,,,3734 W Main Ave,EFT
62793177,1,11/18/2025,"#2654076 4856 Main BLDG - Pest control, common area.",,"#2654076 4856 Main BLDG - Pest control, common area.",75,0,2654076,Wednesday Pest Control,Wednesday Pest Control,Wednesday Pest Control,16,0,,,4856 N Main Ave,EFT
62793178,1,11/18/2025,"#2654021 736 Main BLDG - Pest control, common area.",,"#2654021 736 Main BLDG - Pest control, common area.",160,0,2654021,Wednesday Pest Control,Wednesday Pest Control,Wednesday Pest Control,16,0,,,736 W. Main Terrace,EFT
62793457,8,11/18/2025,Multiple bills,,"#2654187 1235 Main BLDG - Pest control, common area monthly.",-74,0,2654187,Wednesday Pest Control,Wednesday Pest Control,Wednesday Pest Control,16,0,,,1235 W. Main Street,Bill
62793457,8,11/18/2025,Multiple bills,,"#2654203 1743 Main BLDG - Pest control, common area quarterly.",-135,0,2654203,Wednesday Pest Control,Wednesday Pest Control,Wednesday Pest Control,16,0,,,1743 W. Main,Bill
62793457,8,11/18/2025,Multiple bills,,"#2654059 2716-24 Main BLDG - Pest control, common area monthly plus 2 units.",-95,0,2654059,Wednesday Pest Control,Wednesday Pest Control,Wednesday Pest Control,16,0,,,2716 West Main Avenue,Bill
62793457,8,11/18/2025,Multiple bills,,"#2654557 3104-06 Main BLDG - Pest control monthly, common area.",-94,0,2654557,Wednesday Pest Control,Wednesday Pest Control,Wednesday Pest Control,16,0,,,3104 North Main Ave.,Bill
62793457,8,11/18/2025,Multiple bills,,"#2654021 736 Main BLDG - Pest control, common area.",-160,0,2654021,Wednesday Pest Control,Wednesday Pest Control,Wednesday Pest Control,16,0,,,736 W. Main Terrace,Bill
62793464,8,11/18/2025,"2653844 - #2653844 3734-38 Main BLDG - Pest control, common area.",,"#2653844 3734-38 Main BLDG - Pest control, common area.",-75,0,2653844,Wednesday Pest Control,Wednesday Pest Control,Wednesday Pest Control,16,0,,,3734 W Main Ave,Bill
62793465,8,11/18/2025,"2654076 - #2654076 4856 Main BLDG - Pest control, common area.",,"#2654076 4856 Main BLDG - Pest control, common area.",-75,0,2654076,Wednesday Pest Control,Wednesday Pest Control,Wednesday Pest Control,16,0,,,4856 N Main Ave,Bill
62793466,8,11/18/2025,"2654264 - #2654264 2049 Main BLDG - Pest control, common area twice a month.",,"#2654264 2049 Main BLDG - Pest control, common area twice a month.",-170,0,2654264,Wednesday Pest Control,Wednesday Pest Control,Wednesday Pest Control,16,0,,,2049 West Main Street,Bill
62793467,8,11/18/2025,"2654209 - #2654209 1953 Main BLDG - Pest control, common area every other month.",,"#2654209 1953 Main BLDG - Pest control, common area every other month.",-130,0,2654209,Wednesday Pest Control,Wednesday Pest Control,Wednesday Pest Control,16,0,,,1953 West Main Avenue,Bill
62793470,8,11/18/2025,"2654101 - #2654101 1757 NORTH Main BLDG - Pest control, common area.",,"#2654101 1757 NORTH Main BLDG - Pest control, common area.",-160,0,2654101,Wednesday Pest Control,Wednesday Pest Control,Wednesday Pest Control,16,0,,,1757 West North Main Avenue,Bill
62831166,1,11/24/2025,"#2654775 2625-27 Main BLDG - Pest control, common area monthly.",,"#2654775 2625-27 Main BLDG - Pest control, common area monthly.",60,0,2654775,Wednesday Pest Control,Wednesday Pest Control,Wednesday Pest Control,16,0,,,2625 N. Main,EFT
62831167,1,11/24/2025,"#2654749 1458 Main BLDG - Pest control, common area every other month.",,"#2654749 1458 Main BLDG - Pest control, common area every other month.",79,0,2654749,Wednesday Pest Control,Wednesday Pest Control,Wednesday Pest Control,16,0,,,1458 West Main Avenue,EFT
62831168,1,11/24/2025,"#2654670 3318-20 Main BLDG - Pest control, common area monthly.",,"#2654670 3318-20 Main BLDG - Pest control, common area monthly.",75,0,2654670,Wednesday Pest Control,Wednesday Pest Control,Wednesday Pest Control,16,0,,,3318 North Main Avenue,EFT
62831169,1,11/24/2025,"#2654786 2513 Main BLDG - Pest control, common area every other month.",,"#2654786 2513 Main BLDG - Pest control, common area every other month.",85,0,2654786,Wednesday Pest Control,Wednesday Pest Control,Wednesday Pest Control,16,0,,,2513 North Main Street,EFT
62831170,1,11/24/2025,"#2654801 2255 Main BLDG - Pest control, common area monthly.",,"#2654801 2255 Main BLDG - Pest control, common area monthly.",80,0,2654801,Wednesday Pest Control,Wednesday Pest Control,Wednesday Pest Control,16,0,,,2255 South Main Street,EFT
62831171,1,11/24/2025,"#2654791 6901-17 Main BLDG - Pest control, common area twice a month, plus 12 units.",,"#2654791 6901-17 Main BLDG - Pest control, common area twice a month, plus 12 units.",180,0,2654791,Wednesday Pest Control,Wednesday Pest Control,Wednesday Pest Control,16,0,,,6901 S Main Ave,EFT
62831172,1,11/24/2025,"#2654897 2646 Main BLDG - Pest control, common area every other month.",,"#2654897 2646 Main BLDG - Pest control, common area every other month.",79,0,2654897,Wednesday Pest Control,Wednesday Pest Control,Wednesday Pest Control,16,0,,,2646 W. Main,EFT
62831173,1,11/24/2025,"#2654817 1539 Main BLDG - Pest control, common area monthly.",,"#2654817 1539 Main BLDG - Pest control, common area monthly.",85,0,2654817,Wednesday Pest Control,Wednesday Pest Control,Wednesday Pest Control,16,0,,,1539 West Main Street,EFT
62831174,1,11/24/2025,"#2654950 3655-57 Main BLDG - Pest control, common area every other month.",,"#2654950 3655-57 Main BLDG - Pest control, common area every other month.",95,0,2654950,Wednesday Pest Control,Wednesday Pest Control,Wednesday Pest Control,16,0,,,3655 South Main Avenue,EFT
62831175,1,11/24/2025,"#2654974 915 Main BLDG - Pest control, common area every other month.",,"#2654974 915 Main BLDG - Pest control, common area every other month.",85,0,2654974,Wednesday Pest Control,Wednesday Pest Control,Wednesday Pest Control,16,0,,,915 West Main Street,EFT
62831176,1,11/24/2025,"#2655131 3221 Main BLDG - Pest control, common area monthly.",,"#2655131 3221 Main BLDG - Pest control, common area monthly.",84,0,2655131,Wednesday Pest Control,Wednesday Pest Control,Wednesday Pest Control,16,0,,,3221 North Main Avenue,EFT
62831177,1,11/24/2025,"#2655371 4819-21 Main BLDG - Pest control, common area monthly.",,"#2655371 4819-21 Main BLDG - Pest control, common area monthly.",79,0,2655371,Wednesday Pest Control,Wednesday Pest Control,Wednesday Pest Control,16,0,,,4819 W. Main Avenue,EFT
62831178,1,11/24/2025,"#2655363 2340 Main BLDG - Pest control, common area monthly.",,"#2655363 2340 Main BLDG - Pest control, common area monthly.",84,0,2655363,Wednesday Pest Control,Wednesday Pest Control,Wednesday Pest Control,16,0,,,2340 N. Main,EFT
62831179,1,11/24/2025,"#2655339 1544 Main BLDG - Pest control, common area every other month.",,"#2655339 1544 Main BLDG - Pest control, common area every other month.",75,0,2655339,Wednesday Pest Control,Wednesday Pest Control,Wednesday Pest Control,16,0,,,1544 W. Main Avenue,EFT
62831180,1,11/24/2025,"#2655323 3856 Main BLDG - Pest control, common area every other month.",,"#2655323 3856 Main BLDG - Pest control, common area every other month.",116,0,2655323,Wednesday Pest Control,Wednesday Pest Control,Wednesday Pest Control,16,0,,,3856 W. Main Ave,EFT
62831181,1,11/24/2025,"#2655303 1936 Main PARK BLDG - Pest control, common area monthly.",,"#2655303 1936 Main PARK BLDG - Pest control, common area monthly.",74,0,2655303,Wednesday Pest Control,Wednesday Pest Control,Wednesday Pest Control,16,0,,,1936 N. Main Park,EFT
62831182,1,11/24/2025,"#2655293 815 Main BLDG - Pest control, common area monthly.",,"#2655293 815 Main BLDG - Pest control, common area monthly.",70,0,2655293,Wednesday Pest Control,Wednesday Pest Control,Wednesday Pest Control,16,0,,,815 North Main Avenue,EFT
62831183,1,11/24/2025,"#2655156 731 Main BLDG - Pest control, common area billable recall.",,"#2655156 731 Main BLDG - Pest control, common area billable recall.",60,0,2655156,Wednesday Pest Control,Wednesday Pest Control,Wednesday Pest Control,16,0,,,731 W. Main Ave.,EFT
62831371,8,11/25/2025,Multiple bills,,"#2654801 2255 Main BLDG - Pest control, common area monthly.",-80,0,2654801,Wednesday Pest Control,Wednesday Pest Control,Wednesday Pest Control,16,0,,,2255 South Main Street,Bill
62831371,8,11/25/2025,Multiple bills,,"#2655131 3221 Main BLDG - Pest control, common area monthly.",-84,0,2655131,Wednesday Pest Control,Wednesday Pest Control,Wednesday Pest Control,16,0,,,3221 North Main Avenue,Bill
62831371,8,11/25/2025,Multiple bills,,"#2654670 3318-20 Main BLDG - Pest control, common area monthly.",-75,0,2654670,Wednesday Pest Control,Wednesday Pest Control,Wednesday Pest Control,16,0,,,3318 North Main Avenue,Bill
62831371,8,11/25/2025,Multiple bills,,"#2654950 3655-57 Main BLDG - Pest control, common area every other month.",-95,0,2654950,Wednesday Pest Control,Wednesday Pest Control,Wednesday Pest Control,16,0,,,3655 South Main Avenue,Bill
62831371,8,11/25/2025,Multiple bills,,"#2655323 3856 Main BLDG - Pest control, common area every other month.",-116,0,2655323,Wednesday Pest Control,Wednesday Pest Control,Wednesday Pest Control,16,0,,,3856 W. Main Ave,Bill
62831371,8,11/25/2025,Multiple bills,,"#2655156 731 Main BLDG - Pest control, common area billable recall.",-60,0,2655156,Wednesday Pest Control,Wednesday Pest Control,Wednesday Pest Control,16,0,,,731 W. Main Ave.,Bill
62831371,8,11/25/2025,Multiple bills,,"#2654974 915 Main BLDG - Pest control, common area every other month.",-85,0,2654974,Wednesday Pest Control,Wednesday Pest Control,Wednesday Pest Control,16,0,,,915 West Main Street,Bill
62831373,8,11/25/2025,"2655363 - #2655363 2340 Main BLDG - Pest control, common area monthly.",,"#2655363 2340 Main BLDG - Pest control, common area monthly.",-84,0,2655363,Wednesday Pest Control,Wednesday Pest Control,Wednesday Pest Control,16,0,,,2340 N. Main,Bill
62831376,8,11/25/2025,Multiple bills,,"#2655303 1936 Main PARK BLDG - Pest control, common area monthly.",-74,0,2655303,Wednesday Pest Control,Wednesday Pest Control,Wednesday Pest Control,16,0,,,1936 N. Main Park,Bill
62831376,8,11/25/2025,Multiple bills,,"#2654775 2625-27 Main BLDG - Pest control, common area monthly.",-60,0,2654775,Wednesday Pest Control,Wednesday Pest Control,Wednesday Pest Control,16,0,,,2625 N. Main,Bill
62831376,8,11/25/2025,Multiple bills,,"#2654897 2646 Main BLDG - Pest control, common area every other month.",-79,0,2654897,Wednesday Pest Control,Wednesday Pest Control,Wednesday Pest Control,16,0,,,2646 W. Main,Bill
62831378,8,11/25/2025,"2655371 - #2655371 4819-21 Main BLDG - Pest control, common area monthly.",,"#2655371 4819-21 Main BLDG - Pest control, common area monthly.",-79,0,2655371,Wednesday Pest Control,Wednesday Pest Control,Wednesday Pest Control,16,0,,,4819 W. Main Avenue,Bill
62831379,8,11/25/2025,"2654786 - #2654786 2513 Main BLDG - Pest control, common area every other month.",,"#2654786 2513 Main BLDG - Pest control, common area every other month.",-85,0,2654786,Wednesday Pest Control,Wednesday Pest Control,Wednesday Pest Control,16,0,,,2513 North Main Street,Bill
62831380,8,11/25/2025,"2654749 - #2654749 1458 Main BLDG - Pest control, common area every other month.",,"#2654749 1458 Main BLDG - Pest control, common area every other month.",-79,0,2654749,Wednesday Pest Control,Wednesday Pest Control,Wednesday Pest Control,16,0,,,1458 West Main Avenue,Bill
62831381,8,11/25/2025,"2655293 - #2655293 815 Main BLDG - Pest control, common area monthly.",,"#2655293 815 Main BLDG - Pest control, common area monthly.",-70,0,2655293,Wednesday Pest Control,Wednesday Pest Control,Wednesday Pest Control,16,0,,,815 North Main Avenue,Bill
62831384,8,11/25/2025,"2655339 - #2655339 1544 Main BLDG - Pest control, common area every other month.",,"#2655339 1544 Main BLDG - Pest control, common area every other month.",-75,0,2655339,Wednesday Pest Control,Wednesday Pest Control,Wednesday Pest Control,16,0,,,1544 W. Main Avenue,Bill
62831391,8,11/25/2025,"2654817 - #2654817 1539 Main BLDG - Pest control, common area monthly.",,"#2654817 1539 Main BLDG - Pest control, common area monthly.",-85,0,2654817,Wednesday Pest Control,Wednesday Pest Control,Wednesday Pest Control,16,0,,,1539 West Main Street,Bill
62933462,8,12/1/2025,"2654791 - #2654791 6901-17 Main BLDG - Pest control, common area twice a month, plus 12 units.",,"#2654791 6901-17 Main BLDG - Pest control, common area twice a month, plus 12 units.",-180,0,2654791,Wednesday Pest Control,Wednesday Pest Control,Wednesday Pest Control,16,0,,,6901 S Main Ave,EFT
62956837,1,12/1/2025,"#2655581 2342 Main BLDG - Pest control, common area monthly.",,"#2655581 2342 Main BLDG - Pest control, common area monthly.",75,0,2655581,Wednesday Pest Control,Wednesday Pest Control,Wednesday Pest Control,16,0,,,2342 N. Main Terrace,EFT
62956840,1,12/1/2025,"#2655665 3734-38 Main BLDG - Pest control, common area every other month.",,"#2655665 3734-38 Main BLDG - Pest control, common area every other month.",140,0,2655665,Wednesday Pest Control,Wednesday Pest Control,Wednesday Pest Control,16,0,,,3734 W Main Ave,EFT
62956841,1,12/1/2025,"#2655684 2438 Main BLDG - Pest control, common area every other month.",,"#2655684 2438 Main BLDG - Pest control, common area every other month.",95,0,2655684,Wednesday Pest Control,Wednesday Pest Control,Wednesday Pest Control,16,0,,,2438 N. Main,EFT
62956842,1,12/1/2025,"#2655706 5864 Main BLDG - Pest control, common area monthly.",,"#2655706 5864 Main BLDG - Pest control, common area monthly.",70,0,2655706,Wednesday Pest Control,Wednesday Pest Control,Wednesday Pest Control,16,0,,,5864 North Main Avenue,EFT
62956843,1,12/1/2025,"#2655828 1943 Main BLDG - Pest control, common area every other month.",,"#2655828 1943 Main BLDG - Pest control, common area every other month.",110,0,2655828,Wednesday Pest Control,Wednesday Pest Control,Wednesday Pest Control,16,0,,,1943 West Main Avenue,EFT
62956845,1,12/1/2025,"#2655845 2033 Main BLDG - Pest control, common area monthly.",,"#2655845 2033 Main BLDG - Pest control, common area monthly.",70,0,2655845,Wednesday Pest Control,Wednesday Pest Control,Wednesday Pest Control,16,0,,,2033 North Main Avenue,EFT
62956846,1,12/1/2025,"#2655849 3743 Main BLDG - Pest control, common area.",,"#2655849 3743 Main BLDG - Pest control, common area.",160,0,2655849,Wednesday Pest Control,Wednesday Pest Control,Wednesday Pest Control,16,0,,,3743 W. Main,EFT
62956847,1,12/1/2025,"#2655902 1706 Main BLDG - Pest control, common area every other month.",,"#2655902 1706 Main BLDG - Pest control, common area every other month.",120,0,2655902,Wednesday Pest Control,Wednesday Pest Control,Wednesday Pest Control,16,0,,,1706 Main Avenue,EFT
62956849,1,12/1/2025,"#2656182 2939-41 Main BLDG - Pest control, common area monthly.",,"#2656182 2939-41 Main BLDG - Pest control, common area monthly.",75,0,2656182,Wednesday Pest Control,Wednesday Pest Control,Wednesday Pest Control,16,0,,,2939 West Main Avenue,EFT
62956850,1,12/1/2025,"#2656187 4734 Main BLDG - Pest control, common area monthly.",,"#2656187 4734 Main BLDG - Pest control, common area monthly.",85,0,2656187,Wednesday Pest Control,Wednesday Pest Control,Wednesday Pest Control,16,0,,,4734 South Main Avenue,EFT
62959863,8,12/3/2025,Multiple bills,,"#2655581 2342 Main BLDG - Pest control, common area monthly.",-75,0,2655581,Wednesday Pest Control,Wednesday Pest Control,Wednesday Pest Control,16,0,,,2342 N. Main Terrace,EFT
62959863,8,12/3/2025,Multiple bills,,"#2656187 4734 Main BLDG - Pest control, common area monthly.",-85,0,2656187,Wednesday Pest Control,Wednesday Pest Control,Wednesday Pest Control,16,0,,,4734 South Main Avenue,EFT
62959863,8,12/3/2025,Multiple bills,,"#2655706 5864 Main BLDG - Pest control, common area monthly.",-70,0,2655706,Wednesday Pest Control,Wednesday Pest Control,Wednesday Pest Control,16,0,,,5864 North Main Avenue,EFT
62959866,8,12/3/2025,"2655684 - #2655684 2438 Main BLDG - Pest control, common area every other month.",,"#2655684 2438 Main BLDG - Pest control, common area every other month.",-95,0,2655684,Wednesday Pest Control,Wednesday Pest Control,Wednesday Pest Control,16,0,,,2438 N. Main,EFT
62959872,8,12/3/2025,"2655849 - #2655849 3743 Main BLDG - Pest control, common area.",,"#2655849 3743 Main BLDG - Pest control, common area.",-160,0,2655849,Wednesday Pest Control,Wednesday Pest Control,Wednesday Pest Control,16,0,,,3743 W. Main,EFT
62959873,8,12/3/2025,"2656182 - #2656182 2939-41 Main BLDG - Pest control, common area monthly.",,"#2656182 2939-41 Main BLDG - Pest control, common area monthly.",-75,0,2656182,Wednesday Pest Control,Wednesday Pest Control,Wednesday Pest Control,16,0,,,2939 West Main Avenue,EFT
62959874,8,12/3/2025,"2655665 - #2655665 3734-38 Main BLDG - Pest control, common area every other month.",,"#2655665 3734-38 Main BLDG - Pest control, common area every other month.",-140,0,2655665,Wednesday Pest Control,Wednesday Pest Control,Wednesday Pest Control,16,0,,,3734 W Main Ave,EFT
62959877,8,12/3/2025,"2655845 - #2655845 2033 Main BLDG - Pest control, common area monthly.",,"#2655845 2033 Main BLDG - Pest control, common area monthly.",-70,0,2655845,Wednesday Pest Control,Wednesday Pest Control,Wednesday Pest Control,16,0,,,2033 North Main Avenue,EFT
62959880,8,12/3/2025,"2655828 - #2655828 1943 Main BLDG - Pest control, common area every other month.",,"#2655828 1943 Main BLDG - Pest control, common area every other month.",-110,0,2655828,Wednesday Pest Control,Wednesday Pest Control,Wednesday Pest Control,16,0,,,1943 West Main Avenue,Check 191
62959883,8,12/3/2025,"2655902 - #2655902 1706 Main BLDG - Pest control, common area every other month.",,"#2655902 1706 Main BLDG - Pest control, common area every other month.",-120,0,2655902,Wednesday Pest Control,Wednesday Pest Control,Wednesday Pest Control,16,0,,,1706 Main Avenue,EFT
63009501,1,12/8/2025,"#2656227 2322 Main BLDG - Pest control, common area monthly.",,"#2656227 2322 Main BLDG - Pest control, common area monthly.",70,0,2656227,Wednesday Pest Control,Wednesday Pest Control,Wednesday Pest Control,16,0,,,2322 West Main Avenue,Bill
63009502,1,12/8/2025,"#2656373 2649 Main BLDG - Pest control, common area every other month.",,"#2656373 2649 Main BLDG - Pest control, common area every other month.",100,0,2656373,Wednesday Pest Control,Wednesday Pest Control,Wednesday Pest Control,16,0,,,2649 W. Main,Bill
63009503,1,12/8/2025,"#2656366 2900 Main BLDG - Pest control, common area quarterly.",,"#2656366 2900 Main BLDG - Pest control, common area quarterly.",163,0,2656366,Wednesday Pest Control,Wednesday Pest Control,Wednesday Pest Control,16,0,,,2900 S. Main St.,Bill
63009504,1,12/8/2025,"#2656359 4220 Main BLDG - Pest control, common area monthly.",,"#2656359 4220 Main BLDG - Pest control, common area monthly.",60,0,2656359,Wednesday Pest Control,Wednesday Pest Control,Wednesday Pest Control,16,0,,,4220 West Main Avenue,Bill
63009505,1,12/8/2025,#2656333 6901-17 Main BLDG - Pest control - 14 units 12/2/25,,#2656333 6901-17 Main BLDG - Pest control - 14 units 12/2/25,210,0,2656333,Wednesday Pest Control,Wednesday Pest Control,Wednesday Pest Control,16,0,,,6901 S Main Ave,Bill
63009506,1,12/8/2025,"#2656337 6949-59 Main BLDG - Pest control, common area twice a month.",,"#2656337 6949-59 Main BLDG - Pest control, common area twice a month.",75,0,2656337,Wednesday Pest Control,Wednesday Pest Control,Wednesday Pest Control,16,0,,,6949 S Main Ave,Bill
63009507,1,12/8/2025,"#2656461 2455 Main BLDG - Pest control, common area monthly.",,"#2656461 2455 Main BLDG - Pest control, common area monthly.",75,0,2656461,Wednesday Pest Control,Wednesday Pest Control,Wednesday Pest Control,16,0,,,2455 N. Main Ave,Bill
63009508,1,12/8/2025,"#2656556 6901-17 Main BLDG - Pest control, common area twice a month 12/4/25",,"#2656556 6901-17 Main BLDG - Pest control, common area twice a month 12/4/25",195,0,2656556,Wednesday Pest Control,Wednesday Pest Control,Wednesday Pest Control,16,0,,,6901 S Main Ave,Bill
63009509,1,12/8/2025,#2656557 6949-59 Main BLDG - Pest control - 5 units 12/2/25,,#2656557 6949-59 Main BLDG - Pest control - 5 units 12/2/25,130,0,2656557,Wednesday Pest Control,Wednesday Pest Control,Wednesday Pest Control,16,0,,,6949 S Main Ave,Bill
63009510,1,12/8/2025,"#2656819 2400 Main BLDG - Pest control, common area monthly.",,"#2656819 2400 Main BLDG - Pest control, common area monthly.",74,0,2656819,Wednesday Pest Control,Wednesday Pest Control,Wednesday Pest Control,16,0,,,2400 S. Main St.,Bill
63009511,1,12/8/2025,"#2656344 2322 Main BLDG - Pest control, common area.",,"#2656344 2322 Main BLDG - Pest control, common area.",15,0,2656344,Wednesday Pest Control,Wednesday Pest Control,Wednesday Pest Control,16,0,,,2322 West Main Avenue,Bill
63009512,1,12/8/2025,"#2656800 2226 Main BLDG - Pest control, common area monthly.",,"#2656800 2226 Main BLDG - Pest control, common area monthly.",74,0,2656800,Wednesday Pest Control,Wednesday Pest Control,Wednesday Pest Control,16,0,,,2226 W. Main,Bill
63009513,1,12/8/2025,"#2656824 2438 Main BLDG - Pest control, common area monthly.",,"#2656824 2438 Main BLDG - Pest control, common area monthly.",120,0,2656824,Wednesday Pest Control,Wednesday Pest Control,Wednesday Pest Control,16,0,,,2438 West Main Street,Bill
63009514,1,12/8/2025,"#2656824 2821 Main BLDG - Pest control, common area bi-monthly.",,"#2656824 2821 Main BLDG - Pest control, common area bi-monthly.",75,0,2656868,Wednesday Pest Control,Wednesday Pest Control,Wednesday Pest Control,16,0,,,2821 West Main Street,Bill
63009515,1,12/8/2025,"#2656809 6141-43 Main BLDG - Pest control, common area.",,"#2656809 6141-43 Main BLDG - Pest control, common area.",160,0,2656809,Wednesday Pest Control,Wednesday Pest Control,Wednesday Pest Control,16,0,,,6141 South Main Avenue,Bill
63009516,1,12/8/2025,"#2656925 3746 Main BLDG - Pest control, common area twice a month.",,"#2656925 3746 Main BLDG - Pest control, common area twice a month.",105,0,2656925,Wednesday Pest Control,Wednesday Pest Control,Wednesday Pest Control,16,0,,,3746 West Main Avenue,Bill
63009517,1,12/8/2025,"#2656983 950 Main CH - Pest control, common area monthly.",,"#2656983 950 Main CH - Pest control, common area monthly.",65,0,2656983,Wednesday Pest Control,Wednesday Pest Control,Wednesday Pest Control,16,0,,,950 North Main Street,Bill
63009518,1,12/8/2025,"#2656361 2616 Main BLDG - Pest control, common area.",,"#2656361 2616 Main BLDG - Pest control, common area.",160,0,2656361,Wednesday Pest Control,Wednesday Pest Control,Wednesday Pest Control,16,0,,,2616 West Main,Bill
63009783,8,12/9/2025,Multiple bills,,"#2656824 2438 Main BLDG - Pest control, common area monthly.",-120,0,2656824,Wednesday Pest Control,Wednesday Pest Control,Wednesday Pest Control,16,0,,,2438 West Main Street,EFT
63009783,8,12/9/2025,Multiple bills,,"#2656361 2616 Main BLDG - Pest control, common area.",-160,0,2656361,Wednesday Pest Control,Wednesday Pest Control,Wednesday Pest Control,16,0,,,2616 West Main,EFT
63009783,8,12/9/2025,Multiple bills,,"#2656824 2821 Main BLDG - Pest control, common area bi-monthly.",-75,0,2656868,Wednesday Pest Control,Wednesday Pest Control,Wednesday Pest Control,16,0,,,2821 West Main Street,EFT
63009783,8,12/9/2025,Multiple bills,,"#2656366 2900 Main BLDG - Pest control, common area quarterly.",-163,0,2656366,Wednesday Pest Control,Wednesday Pest Control,Wednesday Pest Control,16,0,,,2900 S. Main St.,EFT
63009783,8,12/9/2025,Multiple bills,,"#2656359 4220 Main BLDG - Pest control, common area monthly.",-60,0,2656359,Wednesday Pest Control,Wednesday Pest Control,Wednesday Pest Control,16,0,,,4220 West Main Avenue,EFT
63009783,8,12/9/2025,Multiple bills,,"#2656809 6141-43 Main BLDG - Pest control, common area.",-160,0,2656809,Wednesday Pest Control,Wednesday Pest Control,Wednesday Pest Control,16,0,,,6141 South Main Avenue,EFT
63009783,8,12/9/2025,Multiple bills,,"#2656983 950 Main CH - Pest control, common area monthly.",-65,0,2656983,Wednesday Pest Control,Wednesday Pest Control,Wednesday Pest Control,16,0,,,950 North Main Street,EFT
63009786,8,12/9/2025,Multiple bills,,"#2656461 2455 Main BLDG - Pest control, common area monthly.",-75,0,2656461,Wednesday Pest Control,Wednesday Pest Control,Wednesday Pest Control,16,0,,,2455 N. Main Ave,EFT
63009786,8,12/9/2025,Multiple bills,,"#2656373 2649 Main BLDG - Pest control, common area every other month.",-100,0,2656373,Wednesday Pest Control,Wednesday Pest Control,Wednesday Pest Control,16,0,,,2649 W. Main,EFT
63009788,8,12/9/2025,Multiple bills,,"#2656556 6901-17 Main BLDG - Pest control, common area twice a month 12/4/25",-195,0,2656556,Wednesday Pest Control,Wednesday Pest Control,Wednesday Pest Control,16,0,,,6901 S Main Ave,EFT
63009788,8,12/9/2025,Multiple bills,,#2656333 6901-17 Main BLDG - Pest control - 14 units 12/2/25,-210,0,2656333,Wednesday Pest Control,Wednesday Pest Control,Wednesday Pest Control,16,0,,,6901 S Main Ave,EFT
63009788,8,12/9/2025,Multiple bills,,"#2656337 6949-59 Main BLDG - Pest control, common area twice a month.",-75,0,2656337,Wednesday Pest Control,Wednesday Pest Control,Wednesday Pest Control,16,0,,,6949 S Main Ave,EFT
63009788,8,12/9/2025,Multiple bills,,#2656557 6949-59 Main BLDG - Pest control - 5 units 12/2/25,-130,0,2656557,Wednesday Pest Control,Wednesday Pest Control,Wednesday Pest Control,16,0,,,6949 S Main Ave,EFT
63009793,8,12/9/2025,"2656800 - #2656800 2226 Main BLDG - Pest control, common area monthly.",,"#2656800 2226 Main BLDG - Pest control, common area monthly.",-74,0,2656800,Wednesday Pest Control,Wednesday Pest Control,Wednesday Pest Control,16,0,,,2226 W. Main,EFT
63009797,8,12/9/2025,Multiple bills,,"#2656344 2322 Main BLDG - Pest control, common area.",-15,0,2656344,Wednesday Pest Control,Wednesday Pest Control,Wednesday Pest Control,16,0,,,2322 West Main Avenue,EFT
63009797,8,12/9/2025,Multiple bills,,"#2656227 2322 Main BLDG - Pest control, common area monthly.",-70,0,2656227,Wednesday Pest Control,Wednesday Pest Control,Wednesday Pest Control,16,0,,,2322 West Main Avenue,EFT
63009798,8,12/9/2025,"2656925 - #2656925 3746 Main BLDG - Pest control, common area twice a month.",,"#2656925 3746 Main BLDG - Pest control, common area twice a month.",-105,0,2656925,Wednesday Pest Control,Wednesday Pest Control,Wednesday Pest Control,16,0,,,3746 West Main Avenue,EFT
63040725,8,12/15/2025,"2653623 - #2653478 2400 Main BLDG - Pest control, common areas.",,"#2653478 2400 Main BLDG - Pest control, common areas.",-74,0,2653623,Wednesday Pest Control,Wednesday Pest Control,Wednesday Pest Control,16,0,,,2400 S. Main St.,Bill
63048032,1,12/15/2025,"#2657020 2223-25 Main BLDG - Pest control, common area every other month.",,"#2657020 2223-25 Main BLDG - Pest control, common area every other month.",122,0,2657020,Wednesday Pest Control,Wednesday Pest Control,Wednesday Pest Control,16,0,,,2223 N. Main Ave,Bill
63048033,1,12/15/2025,"#2657032 915 Main BLDG - Pest control, common area plus 1 unit.",,"#2657032 915 Main BLDG - Pest control, common area plus 1 unit.",60,0,2657032,Wednesday Pest Control,Wednesday Pest Control,Wednesday Pest Control,16,0,,,915 West Main Street,Bill
63048034,1,12/15/2025,"#2657297 1930 Main BLDG - Pest control, common area every other month.",,"#2657297 1930 Main BLDG - Pest control, common area every other month.",105,0,2657297,Wednesday Pest Control,Wednesday Pest Control,Wednesday Pest Control,16,0,,,1930 North Main Street,Bill
63048035,1,12/15/2025,"#2657358 2716-24 Main BLDG - Pest control, common area monthly plus 1 unit.",,"#2657358 2716-24 Main BLDG - Pest control, common area monthly plus 1 unit.",80,0,2657358,Wednesday Pest Control,Wednesday Pest Control,Wednesday Pest Control,16,0,,,2716 West Main Avenue,Bill
63048036,1,12/15/2025,"#2657406 1235 Main BLDG - Pest control, common area monthly.",,"#2657406 1235 Main BLDG - Pest control, common area monthly.",74,0,2657406,Wednesday Pest Control,Wednesday Pest Control,Wednesday Pest Control,16,0,,,1235 W. Main Street,Bill
63048037,1,12/15/2025,"#2657662 2049 Main BLDG - Pest control, common area twice a month.",,"#2657662 2049 Main BLDG - Pest control, common area twice a month.",170,0,2657662,Wednesday Pest Control,Wednesday Pest Control,Wednesday Pest Control,16,0,,,2049 West Main Street,Bill
63048038,1,12/15/2025,"#2657795 3318-20 Main BLDG - Pest control, common area monthly.",,"#2657795 3318-20 Main BLDG - Pest control, common area monthly.",75,0,2657795,Wednesday Pest Control,Wednesday Pest Control,Wednesday Pest Control,16,0,,,3318 North Main Avenue,Bill
63048656,8,12/16/2025,Multiple bills,,"#2657406 1235 Main BLDG - Pest control, common area monthly.",-74,0,2657406,Wednesday Pest Control,Wednesday Pest Control,Wednesday Pest Control,16,0,,,1235 W. Main Street,Bill
63048656,8,12/16/2025,Multiple bills,,"#2657297 1930 Main BLDG - Pest control, common area every other month.",-105,0,2657297,Wednesday Pest Control,Wednesday Pest Control,Wednesday Pest Control,16,0,,,1930 North Main Street,Bill
63048656,8,12/16/2025,Multiple bills,,"#2657358 2716-24 Main BLDG - Pest control, common area monthly plus 1 unit.",-80,0,2657358,Wednesday Pest Control,Wednesday Pest Control,Wednesday Pest Control,16,0,,,2716 West Main Avenue,Bill
63048656,8,12/16/2025,Multiple bills,,"#2657795 3318-20 Main BLDG - Pest control, common area monthly.",-75,0,2657795,Wednesday Pest Control,Wednesday Pest Control,Wednesday Pest Control,16,0,,,3318 North Main Avenue,Bill
63048656,8,12/16/2025,Multiple bills,,"#2657032 915 Main BLDG - Pest control, common area plus 1 unit.",-60,0,2657032,Wednesday Pest Control,Wednesday Pest Control,Wednesday Pest Control,16,0,,,915 West Main Street,Bill
63048658,8,12/16/2025,"2657020 - #2657020 2223-25 Main BLDG - Pest control, common area every other month.",,"#2657020 2223-25 Main BLDG - Pest control, common area every other month.",-122,0,2657020,Wednesday Pest Control,Wednesday Pest Control,Wednesday Pest Control,16,0,,,2223 N. Main Ave,Bill
63048666,8,12/16/2025,"2657662 - #2657662 2049 Main BLDG - Pest control, common area twice a month.",,"#2657662 2049 Main BLDG - Pest control, common area twice a month.",-170,0,2657662,Wednesday Pest Control,Wednesday Pest Control,Wednesday Pest Control,16,0,,,2049 West Main Street,EFT
63097982,1,12/22/2025,"#2657921 1539 Main BLDG - Pest control, common area monthly.",,"#2657921 1539 Main BLDG - Pest control, common area monthly.",85,0,2657921,Wednesday Pest Control,Wednesday Pest Control,Wednesday Pest Control,16,0,,,1539 West Main Street,EFT
63097983,1,12/22/2025,"#2657959 2255 Main BLDG - Pest control, common area monthly.",,"#2657959 2255 Main BLDG - Pest control, common area monthly.",80,0,2657959,Wednesday Pest Control,Wednesday Pest Control,Wednesday Pest Control,16,0,,,2255 South Main Street,EFT
63097984,1,12/22/2025,"#2657876 2625-27 Main BLDG - Pest control, common area monthly.",,"#2657876 2625-27 Main BLDG - Pest control, common area monthly.",60,0,2657876,Wednesday Pest Control,Wednesday Pest Control,Wednesday Pest Control,16,0,,,2625 N. Main,EFT
63097985,1,12/22/2025,"#2657981 3655-57 Main BLDG - Pest control, common area plus 1 unit.",,"#2657981 3655-57 Main BLDG - Pest control, common area plus 1 unit.",60,0,2657981,Wednesday Pest Control,Wednesday Pest Control,Wednesday Pest Control,16,0,,,3655 South Main Avenue,EFT
63097986,1,12/22/2025,"#2657973 2301 Main CH - Pest control, common area extra service.",,"#2657973 2301 Main CH - Pest control, common area extra service.",160,0,2657973,Wednesday Pest Control,Wednesday Pest Control,Wednesday Pest Control,16,0,,,2301 N. Main,EFT
63097987,1,12/22/2025,"#2658114 2133 Main BLDG - Pest control, common area quarterly.",,"#2658114 2133 Main BLDG - Pest control, common area quarterly.",105,0,2658114,Wednesday Pest Control,Wednesday Pest Control,Wednesday Pest Control,16,0,,,2133 West Main Street,EFT
63097988,1,12/22/2025,"#2658318 4819-21 Main BLDG - Pest control, common area monthly.",,"#2658318 4819-21 Main BLDG - Pest control, common area monthly.",79,0,2658318,Wednesday Pest Control,Wednesday Pest Control,Wednesday Pest Control,16,0,,,4819 W. Main Avenue,EFT
63097989,1,12/22/2025,"#2657940 6901-17 Main BLDG - Pest control, common area twice a month plus 16 units.",,"#2657940 6901-17 Main BLDG - Pest control, common area twice a month plus 16 units.",240,0,2657940,Wednesday Pest Control,Wednesday Pest Control,Wednesday Pest Control,16,0,,,6901 S Main Ave,EFT
63097990,1,12/22/2025,"#2657942 6949-59 Main BLDG - Pest control, common area twice a month plus 3 units.",,"#2657942 6949-59 Main BLDG - Pest control, common area twice a month plus 3 units.",45,0,2657942,Wednesday Pest Control,Wednesday Pest Control,Wednesday Pest Control,16,0,,,6949 S Main Ave,EFT
63097991,1,12/22/2025,"#2658375 2340 Main BLDG - Pest control, common area monthly.",,"#2658375 2340 Main BLDG - Pest control, common area monthly.",84,0,2658375,Wednesday Pest Control,Wednesday Pest Control,Wednesday Pest Control,16,0,,,2340 N. Main,EFT
63097992,1,12/22/2025,"#2658340 3104-06 Main BLDG - Pest control, common area monthly.",,"#2658340 3104-06 Main BLDG - Pest control, common area monthly.",79,0,2658340,Wednesday Pest Control,Wednesday Pest Control,Wednesday Pest Control,16,0,,,3104 North Main Ave.,EFT
63097993,1,12/22/2025,"#2654790 6949-59 Main BLDG - Pest control, common area twice a month plus 4 units.",,"#2654790 6949-59 Main BLDG - Pest control, common area twice a month plus 4 units.",60,0,2654790,Wednesday Pest Control,Wednesday Pest Control,Wednesday Pest Control,16,0,,,6949 S Main Ave,EFT
63097994,1,12/22/2025,"#2658430 2605 Main BLDG - Pest control, common area every other month.",,"#2658430 2605 Main BLDG - Pest control, common area every other month.",90,0,2658430,Wednesday Pest Control,Wednesday Pest Control,Wednesday Pest Control,16,0,,,2605 W. Main,EFT
63097995,1,12/22/2025,"#2658549 5329 Main BLDG - Pest control, common area quarterly.",,"#2658549 5329 Main BLDG - Pest control, common area quarterly.",126,0,2658549,Wednesday Pest Control,Wednesday Pest Control,Wednesday Pest Control,16,0,,,5329 N. Main Ave,EFT
63097996,1,12/22/2025,"#2658561 3214 Main BLDG - Pest control, common area every other month.",,"#2658561 3214 Main BLDG - Pest control, common area every other month.",120,0,2658561,Wednesday Pest Control,Wednesday Pest Control,Wednesday Pest Control,16,0,,,3214 South Main Avenue,EFT
63097997,1,12/22/2025,"#2658567 2342 Main BLDG - Pest control, common area monthly.",,"#2658567 2342 Main BLDG - Pest control, common area monthly.",75,0,2658567,Wednesday Pest Control,Wednesday Pest Control,Wednesday Pest Control,16,0,,,2342 N. Main Terrace,EFT
63097998,1,12/22/2025,"#2658575 2019 Main BLDG - Pest control, common area twice a month.",,"#2658575 2019 Main BLDG - Pest control, common area twice a month.",15,0,2658575,Wednesday Pest Control,Wednesday Pest Control,Wednesday Pest Control,16,0,,,2049 West Main Street,EFT
63098117,1,12/22/2025,"#2658598 815 Main - Pest control, common area monthly.",,"#2658598 815 Main - Pest control, common area monthly.",70,0,2658598,Wednesday Pest Control,Wednesday Pest Control,Wednesday Pest Control,16,0,,,815 North Main Avenue,EFT
63098118,1,12/22/2025,"#2658599 1936 Main 3 - Pest control, common area monthly.",,"#2658599 1936 Main 3 - Pest control, common area monthly.",74,0,2658599,Wednesday Pest Control,Wednesday Pest Control,Wednesday Pest Control,16,0,,,1936 N. Main Park,EFT
63098119,1,12/22/2025,"#2658678 2033 Main BLDG - Pest control, common area monthly.",,"#2658678 2033 Main BLDG - Pest control, common area monthly.",70,0,2658678,Wednesday Pest Control,Wednesday Pest Control,Wednesday Pest Control,16,0,,,2033 North Main Avenue,EFT
63135238,8,12/29/2025,Multiple bills,,"#2657959 2255 Main BLDG - Pest control, common area monthly.",-80,0,2657959,Wednesday Pest Control,Wednesday Pest Control,Wednesday Pest Control,16,0,,,2255 South Main Street,EFT
63135238,8,12/29/2025,Multiple bills,,"#2657973 2301 Main CH - Pest control, common area extra service.",-160,0,2657973,Wednesday Pest Control,Wednesday Pest Control,Wednesday Pest Control,16,0,,,2301 N. Main,EFT
63135238,8,12/29/2025,Multiple bills,,"#2658567 2342 Main BLDG - Pest control, common area monthly.",-75,0,2658567,Wednesday Pest Control,Wednesday Pest Control,Wednesday Pest Control,16,0,,,2342 N. Main Terrace,EFT
63135238,8,12/29/2025,Multiple bills,,"#2658340 3104-06 Main BLDG - Pest control, common area monthly.",-79,0,2658340,Wednesday Pest Control,Wednesday Pest Control,Wednesday Pest Control,16,0,,,3104 North Main Ave.,EFT
63135238,8,12/29/2025,Multiple bills,,"#2658561 3214 Main BLDG - Pest control, common area every other month.",-120,0,2658561,Wednesday Pest Control,Wednesday Pest Control,Wednesday Pest Control,16,0,,,3214 South Main Avenue,EFT
63135238,8,12/29/2025,Multiple bills,,"#2657981 3655-57 Main BLDG - Pest control, common area plus 1 unit.",-60,0,2657981,Wednesday Pest Control,Wednesday Pest Control,Wednesday Pest Control,16,0,,,3655 South Main Avenue,EFT
63135238,8,12/29/2025,Multiple bills,,"#2658549 5329 Main BLDG - Pest control, common area quarterly.",-126,0,2658549,Wednesday Pest Control,Wednesday Pest Control,Wednesday Pest Control,16,0,,,5329 N. Main Ave,EFT
63135248,8,12/29/2025,Multiple bills,,"#2658375 2340 Main BLDG - Pest control, common area monthly.",-84,0,2658375,Wednesday Pest Control,Wednesday Pest Control,Wednesday Pest Control,16,0,,,2340 N. Main,Bill
63135248,8,12/29/2025,Multiple bills,,"#2658430 2605 Main BLDG - Pest control, common area every other month.",-90,0,2658430,Wednesday Pest Control,Wednesday Pest Control,Wednesday Pest Control,16,0,,,2605 W. Main,Bill
63135253,8,12/29/2025,Multiple bills,,"#2658599 1936 Main 3 - Pest control, common area monthly.",-74,0,2658599,Wednesday Pest Control,Wednesday Pest Control,Wednesday Pest Control,16,0,,,1936 N. Main Park,Bill
63135253,8,12/29/2025,Multiple bills,,"#2657876 2625-27 Main BLDG - Pest control, common area monthly.",-60,0,2657876,Wednesday Pest Control,Wednesday Pest Control,Wednesday Pest Control,16,0,,,2625 N. Main,Bill
63135253,8,12/29/2025,Multiple bills,,"#2657940 6901-17 Main BLDG - Pest control, common area twice a month plus 16 units.",-240,0,2657940,Wednesday Pest Control,Wednesday Pest Control,Wednesday Pest Control,16,0,,,6901 S Main Ave,Bill
63135253,8,12/29/2025,Multiple bills,,"#2657942 6949-59 Main BLDG - Pest control, common area twice a month plus 3 units.",-45,0,2657942,Wednesday Pest Control,Wednesday Pest Control,Wednesday Pest Control,16,0,,,6949 S Main Ave,Bill
63135253,8,12/29/2025,Multiple bills,,"#2654790 6949-59 Main BLDG - Pest control, common area twice a month plus 4 units.",-60,0,2654790,Wednesday Pest Control,Wednesday Pest Control,Wednesday Pest Control,16,0,,,6949 S Main Ave,Bill
63135257,8,12/29/2025,"2658318 - #2658318 4819-21 Main BLDG - Pest control, common area monthly.",,"#2658318 4819-21 Main BLDG - Pest control, common area monthly.",-79,0,2658318,Wednesday Pest Control,Wednesday Pest Control,Wednesday Pest Control,16,0,,,4819 W. Main Avenue,Bill
63135269,8,12/29/2025,"2658678 - #2658678 2033 Main BLDG - Pest control, common area monthly.",,"#2658678 2033 Main BLDG - Pest control, common area monthly.",-70,0,2658678,Wednesday Pest Control,Wednesday Pest Control,Wednesday Pest Control,16,0,,,2033 North Main Avenue,Bill
63135273,8,12/29/2025,Multiple bills,,"#2658575 2019 Main BLDG - Pest control, common area twice a month.",-15,0,2658575,Wednesday Pest Control,Wednesday Pest Control,Wednesday Pest Control,16,0,,,2049 West Main Street,Bill
63135273,8,12/29/2025,Multiple bills,,"#2658598 815 Main - Pest control, common area monthly.",-70,0,2658598,Wednesday Pest Control,Wednesday Pest Control,Wednesday Pest Control,16,0,,,815 North Main Avenue,Bill
63135275,8,12/29/2025,"2658114 - #2658114 2133 Main BLDG - Pest control, common area quarterly.",,"#2658114 2133 Main BLDG - Pest control, common area quarterly.",-105,0,2658114,Wednesday Pest Control,Wednesday Pest Control,Wednesday Pest Control,16,0,,,2133 West Main Street,Bill
63135287,8,12/29/2025,"2657921 - #2657921 1539 Main BLDG - Pest control, common area monthly.",,"#2657921 1539 Main BLDG - Pest control, common area monthly.",-85,0,2657921,Wednesday Pest Control,Wednesday Pest Control,Wednesday Pest Control,16,0,,,1539 West Main Street,Bill
63204891,8,1/2/2026,"2656819 - #2656819 2400 Main BLDG - Pest control, common area monthly.",,"#2656819 2400 Main BLDG - Pest control, common area monthly.",-74,0,2656819,Wednesday Pest Control,Wednesday Pest Control,Wednesday Pest Control,16,0,,,2400 S. Main St.,Bill
63242824,1,1/5/2026,"#2659315 3758 Main BLDG - Pest control, common area.",,"#2659315 3758 Main BLDG - Pest control, common area.",300,0,2659315,Wednesday Pest Control,Wednesday Pest Control,Wednesday Pest Control,16,0,,,3758 West Main Avenue,Bill
63242825,1,1/5/2026,"#2659289 6901-17 Main BLDG - Pest control, common area twice a month.",,"#2659289 6901-17 Main BLDG - Pest control, common area twice a month.",195,0,2659289,Wednesday Pest Control,Wednesday Pest Control,Wednesday Pest Control,16,0,,,6901 S Main Ave,Bill
63242826,1,1/5/2026,"#2648756 1449 Main BLDG - Pest control, common area.",,"#2648756 1449 Main BLDG - Pest control, common area.",175,0,2648756,Wednesday Pest Control,Wednesday Pest Control,Wednesday Pest Control,16,0,,,1449 Main Avenue,Bill
63242827,1,1/5/2026,"#2650076 1321 Main BLDG - Pest control, common area 10/14/25",,"#2650076 1321 Main BLDG - Pest control, common area 10/14/25",160,0,2650076,Wednesday Pest Control,Wednesday Pest Control,Wednesday Pest Control,16,0,,,1321 West Main Street,Bill
63242828,1,1/5/2026,"#2652880 1321 Main BLDG - Pest control, common area 11/7/25",,"#2652880 1321 Main BLDG - Pest control, common area 11/7/25",160,0,2652880,Wednesday Pest Control,Wednesday Pest Control,Wednesday Pest Control,16,0,,,1321 West Main Street,Bill
63242829,1,1/5/2026,"#2656652 2302 Main BLDG - Pest control, common area.",,"#2656652 2302 Main BLDG - Pest control, common area.",160,0,2656652,Wednesday Pest Control,Wednesday Pest Control,Wednesday Pest Control,16,0,,,2302 West Main Street,Bill
63242830,1,1/5/2026,"#2658624 2956 Main BLDG - Pest control, common area.",,"#2658624 2956 Main BLDG - Pest control, common area.",160,0,2658624,Wednesday Pest Control,Wednesday Pest Control,Wednesday Pest Control,16,0,,,2956 North Main Avenue,Bill
63242831,1,1/5/2026,"#2659078 2938 Main BLDG - Pest control, common area quarterly. Plus 2 individual units.",,"#2659078 2938 Main BLDG - Pest control, common area quarterly. Plus 2 individual units.",156,0,2659078,Wednesday Pest Control,Wednesday Pest Control,Wednesday Pest Control,16,0,,,2938 North Main Avenue,Bill
63242832,1,1/5/2026,"#2659290 6949-59 Main BLDG - Pest control, common area twice a month.",,"#2659290 6949-59 Main BLDG - Pest control, common area twice a month.",130,0,2659290,Wednesday Pest Control,Wednesday Pest Control,Wednesday Pest Control,16,0,,,6949 S Main Ave,Bill
63242833,1,1/5/2026,"#2659215 2438 Main BLDG - Pest control, common area monthly.",,"#2659215 2438 Main BLDG - Pest control, common area monthly.",120,0,2659215,Wednesday Pest Control,Wednesday Pest Control,Wednesday Pest Control,16,0,,,2438 West Main Street,Bill
63242834,1,1/5/2026,"#2658794 1706 Main BLDG - Pest control, common area monthly.",,"#2658794 1706 Main BLDG - Pest control, common area monthly.",105,0,2658794,Wednesday Pest Control,Wednesday Pest Control,Wednesday Pest Control,16,0,,,1706 Main Avenue,Bill
63242835,1,1/5/2026,"#2658860 1846 Main BLDG - Pest control, common area every other month.",,"#2658860 1846 Main BLDG - Pest control, common area every other month.",105,0,2658860,Wednesday Pest Control,Wednesday Pest Control,Wednesday Pest Control,16,0,,,1846 South Main Street,Bill
63242836,1,1/5/2026,"#2658949 731 Main BLDG - Pest control, common area every other month.",,"#2658949 731 Main BLDG - Pest control, common area every other month.",105,0,2658949,Wednesday Pest Control,Wednesday Pest Control,Wednesday Pest Control,16,0,,,731 W. Main Ave.,Bill
63242837,1,1/5/2026,"#2659372 2322 Main BLDG - Pest control, common area monthly.",,"#2659372 2322 Main BLDG - Pest control, common area monthly.",100,0,2659372,Wednesday Pest Control,Wednesday Pest Control,Wednesday Pest Control,16,0,,,2322 West Main Avenue,Bill
63242838,1,1/5/2026,"#2658893 3221 Main BLDG - Pest control, common area monthly.",,"#2658893 3221 Main BLDG - Pest control, common area monthly.",84,0,2658893,Wednesday Pest Control,Wednesday Pest Control,Wednesday Pest Control,16,0,,,3221 North Main Avenue,Bill
63242839,1,1/5/2026,"#2659219 2400 Main BLDG - Pest control, common area monthly.",,"#2659219 2400 Main BLDG - Pest control, common area monthly.",74,0,2659219,Wednesday Pest Control,Wednesday Pest Control,Wednesday Pest Control,16,0,,,2400 S. Main St.,Bill
63242840,1,1/5/2026,"#2659202 2226 Main BLDG - Pest control, common area monthly.",,"#2659202 2226 Main BLDG - Pest control, common area monthly.",74,0,2659202,Wednesday Pest Control,Wednesday Pest Control,Wednesday Pest Control,16,0,,,2226 W. Main,Bill
63242841,1,1/5/2026,"#2658668 5864 Main BLDG - Pest control, common area monthly.",,"#2658668 5864 Main BLDG - Pest control, common area monthly.",70,0,2658668,Wednesday Pest Control,Wednesday Pest Control,Wednesday Pest Control,16,0,,,5864 North Main Avenue,Bill
63242842,1,1/5/2026,"#2659093 4500 Main BLDG - Pest control, common area. Plus 1 individual unit.",,"#2659093 4500 Main BLDG - Pest control, common area. Plus 1 individual unit.",50,0,2659093,Wednesday Pest Control,Wednesday Pest Control,Wednesday Pest Control,16,0,,,4500 W Main Ave,Bill
63243844,8,1/6/2026,Multiple bills,,"#2658860 1846 Main BLDG - Pest control, common area every other month.",-105,0,2658860,Wednesday Pest Control,Wednesday Pest Control,Wednesday Pest Control,16,0,,,1846 South Main Street,EFT
63243844,8,1/6/2026,Multiple bills,,"#2659215 2438 Main BLDG - Pest control, common area monthly.",-120,0,2659215,Wednesday Pest Control,Wednesday Pest Control,Wednesday Pest Control,16,0,,,2438 West Main Street,EFT
63243844,8,1/6/2026,Multiple bills,,"#2658893 3221 Main BLDG - Pest control, common area monthly.",-84,0,2658893,Wednesday Pest Control,Wednesday Pest Control,Wednesday Pest Control,16,0,,,3221 North Main Avenue,EFT
63243844,8,1/6/2026,Multiple bills,,"#2658668 5864 Main BLDG - Pest control, common area monthly.",-70,0,2658668,Wednesday Pest Control,Wednesday Pest Control,Wednesday Pest Control,16,0,,,5864 North Main Avenue,EFT
63243844,8,1/6/2026,Multiple bills,,"#2658949 731 Main BLDG - Pest control, common area every other month.",-105,0,2658949,Wednesday Pest Control,Wednesday Pest Control,Wednesday Pest Control,16,0,,,731 W. Main Ave.,EFT
63243853,8,1/6/2026,Multiple bills,,"#2659289 6901-17 Main BLDG - Pest control, common area twice a month.",-195,0,2659289,Wednesday Pest Control,Wednesday Pest Control,Wednesday Pest Control,16,0,,,6901 S Main Ave,EFT
63243853,8,1/6/2026,Multiple bills,,"#2659290 6949-59 Main BLDG - Pest control, common area twice a month.",-130,0,2659290,Wednesday Pest Control,Wednesday Pest Control,Wednesday Pest Control,16,0,,,6949 S Main Ave,EFT
63243861,8,1/6/2026,"2659202 - #2659202 2226 Main BLDG - Pest control, common area monthly.",,"#2659202 2226 Main BLDG - Pest control, common area monthly.",-74,0,2659202,Wednesday Pest Control,Wednesday Pest Control,Wednesday Pest Control,16,0,,,2226 W. Main,EFT
63243862,8,1/6/2026,"2659219 - #2659219 2400 Main BLDG - Pest control, common area monthly.",,"#2659219 2400 Main BLDG - Pest control, common area monthly.",-74,0,2659219,Wednesday Pest Control,Wednesday Pest Control,Wednesday Pest Control,16,0,,,2400 S. Main St.,EFT
63243866,8,1/6/2026,"2656652 - #2656652 2302 Main BLDG - Pest control, common area.",,"#2656652 2302 Main BLDG - Pest control, common area.",-160,0,2656652,Wednesday Pest Control,Wednesday Pest Control,Wednesday Pest Control,16,0,,,2302 West Main Street,EFT
63243872,8,1/6/2026,"2659093 - #2659093 4500 Main BLDG - Pest control, common area. Plus 1 individual unit.",,"#2659093 4500 Main BLDG - Pest control, common area. Plus 1 individual unit.",-50,0,2659093,Wednesday Pest Control,Wednesday Pest Control,Wednesday Pest Control,16,0,,,4500 W Main Ave,EFT
63243873,8,1/6/2026,"2659372 - #2659372 2322 Main BLDG - Pest control, common area monthly.",,"#2659372 2322 Main BLDG - Pest control, common area monthly.",-100,0,2659372,Wednesday Pest Control,Wednesday Pest Control,Wednesday Pest Control,16,0,,,2322 West Main Avenue,EFT
63243874,8,1/6/2026,"2659315 - #2659315 3758 Main BLDG - Pest control, common area.",,"#2659315 3758 Main BLDG - Pest control, common area.",-300,0,2659315,Wednesday Pest Control,Wednesday Pest Control,Wednesday Pest Control,16,0,,,3758 West Main Avenue,EFT
63243875,8,1/6/2026,"2658624 - #2658624 2956 Main BLDG - Pest control, common area.",,"#2658624 2956 Main BLDG - Pest control, common area.",-160,0,2658624,Wednesday Pest Control,Wednesday Pest Control,Wednesday Pest Control,16,0,,,2956 North Main Avenue,EFT
63243878,8,1/6/2026,"2648756 - #2648756 1449 Main BLDG - Pest control, common area.",,"#2648756 1449 Main BLDG - Pest control, common area.",-175,0,2648756,Wednesday Pest Control,Wednesday Pest Control,Wednesday Pest Control,16,0,,,1449 Main Avenue,EFT
63243880,8,1/6/2026,"2659078 - #2659078 2938 Main BLDG - Pest control, common area quarterly. Plus 2 individual units.",,"#2659078 2938 Main BLDG - Pest control, common area quarterly. Plus 2 individual units.",-156,0,2659078,Wednesday Pest Control,Wednesday Pest Control,Wednesday Pest Control,16,0,,,2938 North Main Avenue,EFT
63243881,8,1/6/2026,"2658794 - #2658794 1706 Main BLDG - Pest control, common area monthly.",,"#2658794 1706 Main BLDG - Pest control, common area monthly.",-105,0,2658794,Wednesday Pest Control,Wednesday Pest Control,Wednesday Pest Control,16,0,,,1706 Main Avenue,EFT
63243884,8,1/6/2026,Multiple bills,,"#2650076 1321 Main BLDG - Pest control, common area 10/14/25",-160,0,2650076,Wednesday Pest Control,Wednesday Pest Control,Wednesday Pest Control,16,0,,,1321 West Main Street,EFT
63243884,8,1/6/2026,Multiple bills,,"#2652880 1321 Main BLDG - Pest control, common area 11/7/25",-160,0,2652880,Wednesday Pest Control,Wednesday Pest Control,Wednesday Pest Control,16,0,,,1321 West Main Street,EFT
63287444,1,1/12/2026,"#2659972 1235 Main BLDG - Pest control, common area monthly.",,"#2659972 1235 Main BLDG - Pest control, common area monthly.",74,0,2659972,Wednesday Pest Control,Wednesday Pest Control,Wednesday Pest Control,16,0,,,1235 W. Main Street,EFT
63287445,1,1/12/2026,"#2659820 1355 Main BLDG - Pest control, common area every other month.",,"#2659820 1355 Main BLDG - Pest control, common area every other month.",100,0,2659820,Wednesday Pest Control,Wednesday Pest Control,Wednesday Pest Control,16,0,,,1355 W. Main,EFT
63287446,1,1/12/2026,"#2660206 1707 Main BLDG - Pest control, common area quarterly.",,"#2660206 1707 Main BLDG - Pest control, common area quarterly.",175,0,2660206,Wednesday Pest Control,Wednesday Pest Control,Wednesday Pest Control,16,0,,,1707 South Main Avenue,EFT
63287447,1,1/12/2026,"#2660025 1953 Main BLDG - Pest control, common area every other month.",,"#2660025 1953 Main BLDG - Pest control, common area every other month.",130,0,2660025,Wednesday Pest Control,Wednesday Pest Control,Wednesday Pest Control,16,0,,,1953 West Main Avenue,EFT
63287448,1,1/12/2026,"#2659984 2346 Main BLDG - Pest control, common area every other month.",,"#2659984 2346 Main BLDG - Pest control, common area every other month.",100,0,2659984,Wednesday Pest Control,Wednesday Pest Control,Wednesday Pest Control,16,0,,,2346 West Main Street,EFT
63287449,1,1/12/2026,"#2659736 2455 Main BLDG - Pest control, common area monthly.",,"#2659736 2455 Main BLDG - Pest control, common area monthly.",75,0,2659736,Wednesday Pest Control,Wednesday Pest Control,Wednesday Pest Control,16,0,,,2455 N. Main Ave,EFT
63287450,1,1/12/2026,"#2659502 2939 Main BLDG - Pest control, common area monthly.",,"#2659502 2939 Main BLDG - Pest control, common area monthly.",75,0,2659502,Wednesday Pest Control,Wednesday Pest Control,Wednesday Pest Control,16,0,,,2939 West Main Avenue,EFT
63287451,1,1/12/2026,"#2659651 3709 Main BLDG - Pest control, common area.",,"#2659651 3709 Main BLDG - Pest control, common area.",225,0,2659651,Wednesday Pest Control,Wednesday Pest Control,Wednesday Pest Control,16,0,,,3709 North Main Avenue,EFT
63287452,1,1/12/2026,"#2659877 3746 Main BLDG - Pest control, common area twice a month.",,"#2659877 3746 Main BLDG - Pest control, common area twice a month.",105,0,2659877,Wednesday Pest Control,Wednesday Pest Control,Wednesday Pest Control,16,0,,,3746 West Main Avenue,EFT
63287453,1,1/12/2026,"#2659609 4220 Main BLDG - Pest control, common area monthly.",,"#2659609 4220 Main BLDG - Pest control, common area monthly.",60,0,2659609,Wednesday Pest Control,Wednesday Pest Control,Wednesday Pest Control,16,0,,,4220 West Main Avenue,EFT
63287454,1,1/12/2026,"#2660200 4500 Main BLDG - Pest control, common area every other month.",,"#2660200 4500 Main BLDG - Pest control, common area every other month.",170,0,2660200,Wednesday Pest Control,Wednesday Pest Control,Wednesday Pest Control,16,0,,,4500 W Main Ave,EFT
63287455,1,1/12/2026,"#2659642 6901 17 Main BLDG - Pest control, common area twice a month, plus 15 units.",,"#2659642 6901 17 Main BLDG - Pest control, common area twice a month, plus 15 units.",225,0,2659642,Wednesday Pest Control,Wednesday Pest Control,Wednesday Pest Control,16,0,,,6901 S Main Ave,EFT
63287456,1,1/12/2026,"#2659650 6949 59 Main BLDG - Pest control, common area twice a month, plus 5 units.",,"#2659650 6949 59 Main BLDG - Pest control, common area twice a month, plus 5 units.",75,0,2659650,Wednesday Pest Control,Wednesday Pest Control,Wednesday Pest Control,16,0,,,6949 S Main Ave,EFT
63287457,1,1/12/2026,"#2660110 736 Main 1 - Pest control, common area.",,"#2660110 736 Main 1 - Pest control, common area.",160,0,2660110,Wednesday Pest Control,Wednesday Pest Control,Wednesday Pest Control,16,0,,,736 W. Main Terrace,EFT
63287458,1,1/12/2026,"#2660306 950 Main COACH HOUSE - Pest control, common area monthly.",,"#2660306 950 Main COACH HOUSE - Pest control, common area monthly.",65,0,2660306,Wednesday Pest Control,Wednesday Pest Control,Wednesday Pest Control,16,0,,,950 North Main Street,EFT
63292445,8,1/14/2026,Multiple bills,,"#2659972 1235 Main BLDG - Pest control, common area monthly.",-74,0,2659972,Wednesday Pest Control,Wednesday Pest Control,Wednesday Pest Control,16,0,,,1235 W. Main Street,EFT
63292445,8,1/14/2026,Multiple bills,,"#2659609 4220 Main BLDG - Pest control, common area monthly.",-60,0,2659609,Wednesday Pest Control,Wednesday Pest Control,Wednesday Pest Control,16,0,,,4220 West Main Avenue,EFT
63292445,8,1/14/2026,Multiple bills,,"#2660110 736 Main 1 - Pest control, common area.",-160,0,2660110,Wednesday Pest Control,Wednesday Pest Control,Wednesday Pest Control,16,0,,,736 W. Main Terrace,EFT
63292445,8,1/14/2026,Multiple bills,,"#2660306 950 Main COACH HOUSE - Pest control, common area monthly.",-65,0,2660306,Wednesday Pest Control,Wednesday Pest Control,Wednesday Pest Control,16,0,,,950 North Main Street,Check 211
63292451,8,1/14/2026,Multiple bills,,"#2659820 1355 Main BLDG - Pest control, common area every other month.",-100,0,2659820,Wednesday Pest Control,Wednesday Pest Control,Wednesday Pest Control,16,0,,,1355 W. Main,EFT
63292451,8,1/14/2026,Multiple bills,,"#2659736 2455 Main BLDG - Pest control, common area monthly.",-75,0,2659736,Wednesday Pest Control,Wednesday Pest Control,Wednesday Pest Control,16,0,,,2455 N. Main Ave,Bill
63292453,8,1/14/2026,Multiple bills,,"#2659642 6901 17 Main BLDG - Pest control, common area twice a month, plus 15 units.",-225,0,2659642,Wednesday Pest Control,Wednesday Pest Control,Wednesday Pest Control,16,0,,,6901 S Main Ave,Bill
63292453,8,1/14/2026,Multiple bills,,"#2659650 6949 59 Main BLDG - Pest control, common area twice a month, plus 5 units.",-75,0,2659650,Wednesday Pest Control,Wednesday Pest Control,Wednesday Pest Control,16,0,,,6949 S Main Ave,Bill
63292460,8,1/14/2026,"2660206 - #2660206 1707 Main BLDG - Pest control, common area quarterly.",,"#2660206 1707 Main BLDG - Pest control, common area quarterly.",-175,0,2660206,Wednesday Pest Control,Wednesday Pest Control,Wednesday Pest Control,16,0,,,1707 South Main Avenue,Bill
63292463,8,1/14/2026,"2659984 - #2659984 2346 Main BLDG - Pest control, common area every other month.",,"#2659984 2346 Main BLDG - Pest control, common area every other month.",-100,0,2659984,Wednesday Pest Control,Wednesday Pest Control,Wednesday Pest Control,16,0,,,2346 West Main Street,Bill
63292464,8,1/14/2026,"2659502 - #2659502 2939 Main BLDG - Pest control, common area monthly.",,"#2659502 2939 Main BLDG - Pest control, common area monthly.",-75,0,2659502,Wednesday Pest Control,Wednesday Pest Control,Wednesday Pest Control,16,0,,,2939 West Main Avenue,Bill
63292465,8,1/14/2026,"2660200 - #2660200 4500 Main BLDG - Pest control, common area every other month.",,"#2660200 4500 Main BLDG - Pest control, common area every other month.",-170,0,2660200,Wednesday Pest Control,Wednesday Pest Control,Wednesday Pest Control,16,0,,,4500 W Main Ave,Bill
63292468,8,1/14/2026,"2659877 - #2659877 3746 Main BLDG - Pest control, common area twice a month.",,"#2659877 3746 Main BLDG - Pest control, common area twice a month.",-105,0,2659877,Wednesday Pest Control,Wednesday Pest Control,Wednesday Pest Control,16,0,,,3746 West Main Avenue,Bill
63292469,8,1/14/2026,"2660025 - #2660025 1953 Main BLDG - Pest control, common area every other month.",,"#2660025 1953 Main BLDG - Pest control, common area every other month.",-130,0,2660025,Wednesday Pest Control,Wednesday Pest Control,Wednesday Pest Control,16,0,,,1953 West Main Avenue,Bill
63292476,8,1/14/2026,"2659651 - #2659651 3709 Main BLDG - Pest control, common area.",,"#2659651 3709 Main BLDG - Pest control, common area.",-225,0,2659651,Wednesday Pest Control,Wednesday Pest Control,Wednesday Pest Control,16,0,,,3709 North Main Avenue,Bill
63328550,1,1/20/2026,"#2660991 1544 Main BLDG - Pest control, common area every other month.",,"#2660991 1544 Main BLDG - Pest control, common area every other month.",75,0,2660991,Wednesday Pest Control,Wednesday Pest Control,Wednesday Pest Control,16,0,,,1544 W. Main Avenue,Bill
63328551,1,1/20/2026,"#2660333 1838 Main BLDG - Pest control, common area.",,"#2660333 1838 Main BLDG - Pest control, common area.",160,0,2660333,Wednesday Pest Control,Wednesday Pest Control,Wednesday Pest Control,16,0,,,1838 West Main Place,Bill
63328552,1,1/20/2026,"#2661065 1904 Main BLDG - Pest control, common area.",,"#2661065 1904 Main BLDG - Pest control, common area.",160,0,2661065,Wednesday Pest Control,Wednesday Pest Control,Wednesday Pest Control,16,0,,,1904 N. Main,Bill
63328553,1,1/20/2026,"#2661295 1936 Main BLDG - Pest control, common area.",,"#2661295 1936 Main BLDG - Pest control, common area.",74,0,2661295,Wednesday Pest Control,Wednesday Pest Control,Wednesday Pest Control,16,0,,,1936 N. Main Park,Bill
63328554,1,1/20/2026,"#2660600 2049 Main BLDG - Pest control, common area twice a month.",,"#2660600 2049 Main BLDG - Pest control, common area twice a month.",170,0,2660600,Wednesday Pest Control,Wednesday Pest Control,Wednesday Pest Control,16,0,,,2049 West Main Street,Bill
63328555,1,1/20/2026,"#2661082 2340 Main BLDG - Pest control, common area.",,"#2661082 2340 Main BLDG - Pest control, common area.",84,0,2661082,Wednesday Pest Control,Wednesday Pest Control,Wednesday Pest Control,16,0,,,2340 N. Main,Bill
63328558,1,1/20/2026,"#2661309 2625 Main BLDG - Pest control, common area.",,"#2661309 2625 Main BLDG - Pest control, common area.",60,0,2661309,Wednesday Pest Control,Wednesday Pest Control,Wednesday Pest Control,16,0,,,2625 N. Main,Bill
63328559,1,1/20/2026,"#2660825 2716-24 Main BLDG - Pest control, common area monthly.",,"#2660825 2716-24 Main BLDG - Pest control, common area monthly.",65,0,2660825,Wednesday Pest Control,Wednesday Pest Control,Wednesday Pest Control,16,0,,,2716 West Main Avenue,Bill
63328560,1,1/20/2026,"#2661158 3104 Main BLDG - Pest control, common area.",,"#2661158 3104 Main BLDG - Pest control, common area.",79,0,2661158,Wednesday Pest Control,Wednesday Pest Control,Wednesday Pest Control,16,0,,,3104 North Main Ave.,Bill
63328561,1,1/20/2026,"#2661221 3318 Main BLDG - Pest control, common area.",,"#2661221 3318 Main BLDG - Pest control, common area.",75,0,2661221,Wednesday Pest Control,Wednesday Pest Control,Wednesday Pest Control,16,0,,,3318 North Main Avenue,Bill
63328562,1,1/20/2026,"#2660810 3754 Main BLDG - Pest control, common area.",,"#2660810 3754 Main BLDG - Pest control, common area.",320,0,2660810,Wednesday Pest Control,Wednesday Pest Control,Wednesday Pest Control,16,0,,,3754 West Main Avenue,Bill
63328563,1,1/20/2026,"#2660987 3856 Main BLDG - Pest control, common area every other month.",,"#2660987 3856 Main BLDG - Pest control, common area every other month.",116,0,2660987,Wednesday Pest Control,Wednesday Pest Control,Wednesday Pest Control,16,0,,,3856 W. Main Ave,Bill
63328564,1,1/20/2026,"#2661081 4819 Main BLDG - Pest control, common area.",,"#2661081 4819 Main BLDG - Pest control, common area.",79,0,2661081,Wednesday Pest Control,Wednesday Pest Control,Wednesday Pest Control,16,0,,,4819 W. Main Avenue,Bill
63328565,1,1/20/2026,"#2660773 4856 Main BLDG - Pest control, common area every other month.",,"#2660773 4856 Main BLDG - Pest control, common area every other month.",90,0,2660773,Wednesday Pest Control,Wednesday Pest Control,Wednesday Pest Control,16,0,,,4856 N Main Ave,Bill
63328566,1,1/20/2026,"#2661154 815 Main BLDG - Pest control, common area.",,"#2661154 815 Main BLDG - Pest control, common area.",70,0,2661154,Wednesday Pest Control,Wednesday Pest Control,Wednesday Pest Control,16,0,,,815 North Main Avenue,Bill
63329636,8,1/21/2026,Multiple bills,,"#2660825 2716-24 Main BLDG - Pest control, common area monthly.",-65,0,2660825,Wednesday Pest Control,Wednesday Pest Control,Wednesday Pest Control,16,0,,,2716 West Main Avenue,EFT
63329636,8,1/21/2026,Multiple bills,,"#2661158 3104 Main BLDG - Pest control, common area.",-79,0,2661158,Wednesday Pest Control,Wednesday Pest Control,Wednesday Pest Control,16,0,,,3104 North Main Ave.,EFT
63329636,8,1/21/2026,Multiple bills,,"#2661221 3318 Main BLDG - Pest control, common area.",-75,0,2661221,Wednesday Pest Control,Wednesday Pest Control,Wednesday Pest Control,16,0,,,3318 North Main Avenue,EFT
63329636,8,1/21/2026,Multiple bills,,"#2660987 3856 Main BLDG - Pest control, common area every other month.",-116,0,2660987,Wednesday Pest Control,Wednesday Pest Control,Wednesday Pest Control,16,0,,,3856 W. Main Ave,EFT
63329640,8,1/21/2026,"2661082 - #2661082 2340 Main BLDG - Pest control, common area.",,"#2661082 2340 Main BLDG - Pest control, common area.",-84,0,2661082,Wednesday Pest Control,Wednesday Pest Control,Wednesday Pest Control,16,0,,,2340 N. Main,EFT
63329641,8,1/21/2026,Multiple bills,,"#2661295 1936 Main BLDG - Pest control, common area.",-74,0,2661295,Wednesday Pest Control,Wednesday Pest Control,Wednesday Pest Control,16,0,,,1936 N. Main Park,EFT
63329641,8,1/21/2026,Multiple bills,,"#2661309 2625 Main BLDG - Pest control, common area.",-60,0,2661309,Wednesday Pest Control,Wednesday Pest Control,Wednesday Pest Control,16,0,,,2625 N. Main,EFT
63329644,8,1/21/2026,Multiple bills,,"#2661065 1904 Main BLDG - Pest control, common area.",-160,0,2661065,Wednesday Pest Control,Wednesday Pest Control,Wednesday Pest Control,16,0,,,1904 N. Main,EFT
63329644,8,1/21/2026,Multiple bills,,"#2661081 4819 Main BLDG - Pest control, common area.",-79,0,2661081,Wednesday Pest Control,Wednesday Pest Control,Wednesday Pest Control,16,0,,,4819 W. Main Avenue,EFT
63329646,8,1/21/2026,"2660333 - #2660333 1838 Main BLDG - Pest control, common area.",,"#2660333 1838 Main BLDG - Pest control, common area.",-160,0,2660333,Wednesday Pest Control,Wednesday Pest Control,Wednesday Pest Control,16,0,,,1838 West Main Place,EFT
63329651,8,1/21/2026,"2660773 - #2660773 4856 Main BLDG - Pest control, common area every other month.",,"#2660773 4856 Main BLDG - Pest control, common area every other month.",-90,0,2660773,Wednesday Pest Control,Wednesday Pest Control,Wednesday Pest Control,16,0,,,4856 N Main Ave,EFT
63329654,8,1/21/2026,"2660810 - #2660810 3754 Main BLDG - Pest control, common area.",,"#2660810 3754 Main BLDG - Pest control, common area.",-320,0,2660810,Wednesday Pest Control,Wednesday Pest Control,Wednesday Pest Control,16,0,,,3754 West Main Avenue,EFT
63329658,8,1/21/2026,Multiple bills,,"#2660600 2049 Main BLDG - Pest control, common area twice a month.",-170,0,2660600,Wednesday Pest Control,Wednesday Pest Control,Wednesday Pest Control,16,0,,,2049 West Main Street,EFT
63329658,8,1/21/2026,Multiple bills,,"#2661154 815 Main BLDG - Pest control, common area.",-70,0,2661154,Wednesday Pest Control,Wednesday Pest Control,Wednesday Pest Control,16,0,,,815 North Main Avenue,EFT
63329660,8,1/21/2026,"2660991 - #2660991 1544 Main BLDG - Pest control, common area every other month.",,"#2660991 1544 Main BLDG - Pest control, common area every other month.",-75,0,2660991,Wednesday Pest Control,Wednesday Pest Control,Wednesday Pest Control,16,0,,,1544 W. Main Avenue,EFT
